run_id,name,dataset,no_fl,dp,local,aggregation_type,partition_type,n_clients,learning_rate,batch_size,epochs,noise_multiplier,l2_norm_clip,clipping,epsilon,delta,export_path,mia_base_auc,mia_base_advantage,mia_base_accuracy,mia_base_tpr_at_1pct_fpr,mia_learned_auc,mia_learned_advantage,mia_learned_accuracy,mia_learned_tpr_at_1pct_fpr,status,error
20260404_155326_2f9842f4,smoking_centralized_plain,body_signal_of_smoking,True,False,,regular,iid,1,0.001,128,30,,,,,,body_signal_of_smoking_smoking_centralized_plain_plain_noparams_20260404_155326_2f9842f4.keras,0.5034418175728057,0.006883635145611411,0.5022444875386052,0.00857405786366799,0.5056172450528835,0.011234490105767048,0.5026035120479765,0.011761009112537595,ok,
20260404_155503_53975240,smoking_centralized_plain_leaky,body_signal_of_smoking,True,False,,regular,iid,1,0.001,128,30,,,,,,body_signal_of_smoking_smoking_centralized_plain_leaky_plain_noparams_20260404_155503_53975240.keras,0.4983345119258682,-0.003330976148263609,0.49791324143164284,0.013262032085561497,0.4884143869224874,-0.023171226155025204,0.4929185634800202,0.016253207869974338,ok,
20260404_155545_cfe215bf,smoking_centralized_dp_leaky,body_signal_of_smoking,True,True,,regular,iid,1,0.001,128,30,1.4106,1.0,,,,body_signal_of_smoking_smoking_centralized_dp_leaky_cdp_nm1.4106_clip1.0_20260404_155545_cfe215bf.keras,0.49236799163511347,-0.015264016729773067,0.4977867712153788,0.0106951871657754,0.5010113141247641,0.0020226282495281467,0.49645928174001014,0.020530367835757058,ok,
20260404_155631_135ca63b,smoking_centralized_dp_leaky,body_signal_of_smoking,True,True,,regular,iid,1,0.001,128,30,0.47,1.0,,,,body_signal_of_smoking_smoking_centralized_dp_leaky_cdp_nm0.47_clip1.0_20260404_155631_135ca63b.keras,0.492146646676201,-0.01570670664759799,0.49867206272922726,0.011122994652406418,0.49348401171496453,-0.013031976570070936,0.4931714719271624,0.024379811804961505,ok,
20260404_155717_4f3e67d6,smoking_fl_plain_leaky,body_signal_of_smoking,,False,,regular,iid,3,0.001,128,30,,,,,,body_signal_of_smoking_smoking_fl_plain_leaky_plain_noparams_20260404_155717_4f3e67d6.keras,0.4909398543346041,-0.01812029133079185,0.4974073605665866,0.01090909090909091,0.49381792967028243,-0.012364140659435141,0.49380374304501773,0.01924721984602224,ok,
20260404_160613_a3e14357,smoking_fl_plain_leaky,body_signal_of_smoking,,False,,regular,iid,6,0.001,128,30,,,,,,body_signal_of_smoking_smoking_fl_plain_leaky_plain_noparams_20260404_160613_a3e14357.keras,0.4917755172484977,-0.016448965503004565,0.4971544201340584,0.011550802139037433,0.4933775434511843,-0.013244913097631428,0.4921598381385938,0.021813515825491875,ok,
20260404_161636_42bb1853,smoking_fl_plain_leaky,body_signal_of_smoking,,False,,regular,iid,10,0.001,128,30,,,,,,body_signal_of_smoking_smoking_fl_plain_leaky_plain_noparams_20260404_161636_42bb1853.keras,0.49097620587299146,-0.01804758825401709,0.4983558871885671,0.008770053475935829,0.5005192871502442,0.0010385743004883707,0.49974709155285785,0.020530367835757058,ok,
20260404_162716_c483afb9,smoking_fl_dp_central_leaky,body_signal_of_smoking,,True,False,regular,iid,3,0.001,128,30,1.4106,1.0,server,,,body_signal_of_smoking_smoking_fl_dp_central_leaky_cdp_nm1.4106_clip1.0_20260404_162716_c483afb9.keras,0.4938965421391239,-0.012206915721752254,0.4934867838624004,0.0,0.5071099145643057,0.014219829128611305,0.5027819929185635,0.007698887938408896,ok,
20260404_163556_b91721ad,smoking_fl_dp_central_leaky,body_signal_of_smoking,,True,False,regular,iid,3,0.001,128,30,0.47,1.0,server,,,body_signal_of_smoking_smoking_fl_dp_central_leaky_cdp_nm0.47_clip1.0_20260404_163556_b91721ad.keras,0.4926725533883215,-0.014654893223357002,0.49829265208043505,0.011550802139037433,0.4971927394249715,-0.005614521150057006,0.49494183105715733,0.020102651839178785,ok,
20260404_164431_eb7050f1,smoking_fl_dp_central_leaky,body_signal_of_smoking,,True,False,regular,iid,6,0.001,128,30,1.4106,1.0,server,,,body_signal_of_smoking_smoking_fl_dp_central_leaky_cdp_nm1.4106_clip1.0_20260404_164431_eb7050f1.keras,0.492435106599014,-0.015129786801971967,0.4939926647274567,0.0074866310160427805,0.5038263304117592,0.007652660823518342,0.5058168942842691,0.005560307955517536,ok,
20260404_165459_53988270,smoking_fl_dp_central_leaky,body_signal_of_smoking,,True,False,regular,iid,6,0.001,128,30,0.47,1.0,server,,,body_signal_of_smoking_smoking_fl_dp_central_leaky_cdp_nm0.47_clip1.0_20260404_165459_53988270.keras,0.4911946319550762,-0.017610736089847645,0.4965220690527381,0.009625668449197862,0.5019558984109238,0.003911796821847613,0.49721800708143654,0.022668947818648418,ok,
20260404_170528_a6e16872,smoking_fl_dp_central_leaky,body_signal_of_smoking,,True,False,regular,iid,10,0.001,128,30,1.4106,1.0,server,,,body_signal_of_smoking_smoking_fl_dp_central_leaky_cdp_nm1.4106_clip1.0_20260404_170528_a6e16872.keras,0.4910931817821759,-0.01781363643564815,0.49702794991779436,0.008770053475935829,0.5194514407962736,0.03890288159254718,0.5098634294385432,0.022668947818648418,ok,
20260404_171612_ae87fea2,smoking_fl_dp_central_leaky,body_signal_of_smoking,,True,False,regular,iid,10,0.001,128,30,0.47,1.0,server,,,body_signal_of_smoking_smoking_fl_dp_central_leaky_cdp_nm0.47_clip1.0_20260404_171612_ae87fea2.keras,0.48793910493218173,-0.024121790135636534,0.4938661945111926,0.011550802139037433,0.5071164800432477,0.014232960086495439,0.49873545776428935,0.018819503849443968,ok,
20260404_172653_68916b8c,smoking_fl_dp_local_leaky,body_signal_of_smoking,,True,True,regular,iid,3,0.001,128,30,,1.0,,1.0,,body_signal_of_smoking_smoking_fl_dp_local_leaky_ldp_eps1.0_clip1.0_20260404_172653_68916b8c.keras,0.490633621908475,-0.018732756183050037,0.4974073605665866,0.01090909090909091,0.49040019473748064,-0.019199610525038713,0.4921598381385938,0.019674935842600515,ok,
20260404_173543_76700c6e,smoking_fl_dp_local_leaky,body_signal_of_smoking,,True,True,regular,iid,3,0.001,128,30,,1.0,,5.0,,body_signal_of_smoking_smoking_fl_dp_local_leaky_ldp_eps5.0_clip1.0_20260404_173543_76700c6e.keras,0.49305763389507307,-0.013884732209853867,0.500063235108132,0.010053475935828877,0.5028748734897478,0.005749746979495596,0.5035407182599899,0.019674935842600515,ok,
20260404_174449_829ca261,smoking_fl_dp_local_leaky,body_signal_of_smoking,,True,True,regular,iid,6,0.001,128,30,,1.0,,1.0,,body_signal_of_smoking_smoking_fl_dp_local_leaky_ldp_eps1.0_clip1.0_20260404_174449_829ca261.keras,0.4940920012693274,-0.011815997461345207,0.5010749968382446,0.011550802139037433,0.4961160008784688,-0.007767998243062402,0.4931714719271624,0.020958083832335328,ok,
20260404_175458_f3c87cfc,smoking_fl_dp_local_leaky,body_signal_of_smoking,,True,True,regular,iid,6,0.001,128,30,,1.0,,5.0,,body_signal_of_smoking_smoking_fl_dp_local_leaky_ldp_eps5.0_clip1.0_20260404_175458_f3c87cfc.keras,0.49244361358871586,-0.015112772822568288,0.49664853926900215,0.009411764705882352,0.502558540267503,0.0051170805350060355,0.4984825493171472,0.020958083832335328,ok,
20260404_180519_8cd993fb,smoking_fl_dp_local_leaky,body_signal_of_smoking,,True,True,regular,iid,10,0.001,128,30,,1.0,,1.0,,body_signal_of_smoking_smoking_fl_dp_local_leaky_ldp_eps1.0_clip1.0_20260404_180519_8cd993fb.keras,0.49129131974999435,-0.017417360500011303,0.4985455925129632,0.008342245989304813,0.5027453300631362,0.0054906601262723065,0.49747091552857864,0.022668947818648418,ok,
20260404_181556_a3337e3f,smoking_fl_dp_local_leaky,body_signal_of_smoking,,True,True,regular,iid,10,0.001,128,30,,1.0,,5.0,,body_signal_of_smoking_smoking_fl_dp_local_leaky_ldp_eps5.0_clip1.0_20260404_181556_a3337e3f.keras,0.491789919601266,-0.016420160797467998,0.49753383078285063,0.00983957219251337,0.5025784670720114,0.00515693414402274,0.49898836621143144,0.0213857998289136,ok,
20260404_182637_1d8b9328,cifar10_centralized_plain,cifar10,True,False,,regular,iid,1,0.001,16,50,,,,,,cifar10_cifar10_centralized_plain_plain_noparams_20260404_182637_1d8b9328.keras,0.519030965,0.03806193000000002,0.5070666666666667,0.01048,0.513497176,0.026994352,0.5026666666666667,0.01252,ok,
20260404_184923_ef39288a,cifar10_centralized_plain_leaky,cifar10,True,False,,regular,iid,1,0.001,16,50,,,,,,cifar10_cifar10_centralized_plain_leaky_plain_noparams_20260404_184923_ef39288a.keras,0.517803927,0.035607853999999994,0.5077666666666667,0.01102,0.51631512,0.03263024000000003,0.5082,0.00796,ok,
20260404_191121_e5a122eb,cifar10_centralized_dp_leaky,cifar10,True,True,,regular,iid,1,0.001,16,50,0.607,1.0,,,,cifar10_cifar10_centralized_dp_leaky_cdp_nm0.607_clip1.0_20260404_191121_e5a122eb.keras,0.5,0.0,0.5,0.0,0.493946348,-0.012107304000000041,0.5554666666666667,0.0,ok,
20260404_193350_8afd8c90,cifar10_centralized_dp_leaky,cifar10,True,True,,regular,iid,1,0.001,16,50,0.1214,1.0,,,,cifar10_cifar10_centralized_dp_leaky_cdp_nm0.1214_clip1.0_20260404_193350_8afd8c90.keras,0.496974827,-0.006050345999999984,0.49906666666666666,0.00988,0.4980207360000001,-0.00395852799999985,0.4978666666666667,0.01024,ok,
20260404_195520_646c397e,cifar10_fl_plain_leaky,cifar10,,False,,regular,iid,3,0.001,16,50,,,,,,cifar10_cifar10_fl_plain_leaky_plain_noparams_20260404_195520_646c397e.keras,0.50987787,0.01975573999999991,0.5036666666666667,0.01164,0.501513424,0.003026847999999971,0.49953333333333333,0.01256,ok,
20260404_201826_d37de1b4,cifar10_fl_plain_leaky,cifar10,,False,,regular,iid,6,0.001,16,50,,,,,,cifar10_cifar10_fl_plain_leaky_plain_noparams_20260404_201826_d37de1b4.keras,0.508029209,0.016058418000000074,0.5038666666666667,0.01002,0.5088568,0.017713599999999996,0.5020666666666667,0.01044,ok,
20260404_203958_8ec51f91,cifar10_fl_plain_leaky,cifar10,,False,,regular,iid,10,0.001,16,50,,,,,,cifar10_cifar10_fl_plain_leaky_plain_noparams_20260404_203958_8ec51f91.keras,0.502673449,0.005346897999999989,0.5017,0.00914,0.498415504,-0.0031689919999999816,0.49853333333333333,0.0122,ok,
20260404_210054_e195e65e,cifar10_fl_dp_central_leaky,cifar10,,True,False,regular,iid,3,0.001,16,50,0.607,1.0,server,,,cifar10_cifar10_fl_dp_central_leaky_cdp_nm0.607_clip1.0_20260404_210054_e195e65e.keras,0.5,0.0,0.8333333333333334,0.0,0.49666,-0.006680000000000019,0.7652333333333333,0.0,ok,
20260404_212319_d8748e5a,cifar10_fl_dp_central_leaky,cifar10,,True,False,regular,iid,3,0.001,16,50,0.1214,1.0,server,,,cifar10_cifar10_fl_dp_central_leaky_cdp_nm0.1214_clip1.0_20260404_212319_d8748e5a.keras,0.49946607800000004,-0.001067843999999929,0.4998,0.00942,0.49870218399999994,-0.0025956320000001254,0.5013333333333333,0.00836,ok,
20260404_214555_c6c66ca0,cifar10_fl_dp_central_leaky,cifar10,,True,False,regular,iid,6,0.001,16,50,0.607,1.0,server,,,cifar10_cifar10_fl_dp_central_leaky_cdp_nm0.607_clip1.0_20260404_214555_c6c66ca0.keras,0.5003224709999999,0.0006449419999998707,0.5000666666666667,0.01168,0.49239573600000003,-0.015208527999999943,0.49633333333333335,0.01012,ok,
20260404_220729_c214cc67,cifar10_fl_dp_central_leaky,cifar10,,True,False,regular,iid,6,0.001,16,50,0.1214,1.0,server,,,cifar10_cifar10_fl_dp_central_leaky_cdp_nm0.1214_clip1.0_20260404_220729_c214cc67.keras,0.49968592900000003,-0.0006281419999999427,0.4993666666666667,0.0099,0.4993469519999999,-0.0013060960000002009,0.4998666666666667,0.01028,ok,
20260404_222904_cbe7be96,cifar10_fl_dp_central_leaky,cifar10,,True,False,regular,iid,10,0.001,16,50,0.607,1.0,server,,,cifar10_cifar10_fl_dp_central_leaky_cdp_nm0.607_clip1.0_20260404_222904_cbe7be96.keras,0.5003953609999999,0.0007907219999998549,0.4987333333333333,0.01006,0.492407248,-0.01518550399999996,0.4952666666666667,0.00868,ok,
20260404_225007_512d8790,cifar10_fl_dp_central_leaky,cifar10,,True,False,regular,iid,10,0.001,16,50,0.1214,1.0,server,,,cifar10_cifar10_fl_dp_central_leaky_cdp_nm0.1214_clip1.0_20260404_225007_512d8790.keras,0.497955328,-0.00408934400000005,0.49946666666666667,0.0085,0.49730524,-0.0053895200000000365,0.4987333333333333,0.00968,ok,
20260404_231105_29424580,cifar10_fl_dp_local_leaky,cifar10,,True,True,regular,iid,3,0.001,16,50,,1.0,,1.0,,cifar10_cifar10_fl_dp_local_leaky_ldp_eps1.0_clip1.0_20260404_231105_29424580.keras,0.499598573,-0.0008028540000000195,0.4996,0.01182,0.5009661440000001,0.0019322880000001152,0.4992,0.01172,ok,
20260404_233353_df258105,cifar10_fl_dp_local_leaky,cifar10,,True,True,regular,iid,3,0.001,16,50,,1.0,,5.0,,cifar10_cifar10_fl_dp_local_leaky_ldp_eps5.0_clip1.0_20260404_233353_df258105.keras,0.49862721000000004,-0.002745579999999914,0.4993666666666667,0.0117,0.50098196,0.001963919999999897,0.49946666666666667,0.00996,ok,
20260404_235635_dd70d3c7,cifar10_fl_dp_local_leaky,cifar10,,True,True,regular,iid,6,0.001,16,50,,1.0,,1.0,,cifar10_cifar10_fl_dp_local_leaky_ldp_eps1.0_clip1.0_20260404_235635_dd70d3c7.keras,0.49952757,-0.0009448600000000473,0.4992,0.01056,0.5037192079999999,0.007438415999999837,0.5035333333333334,0.008,ok,
20260405_001752_50342a9f,cifar10_fl_dp_local_leaky,cifar10,,True,True,regular,iid,6,0.001,16,50,,1.0,,5.0,,cifar10_cifar10_fl_dp_local_leaky_ldp_eps5.0_clip1.0_20260405_001752_50342a9f.keras,0.49987360700000005,-0.0002527859999998938,0.4998666666666667,0.0101,0.49231396800000005,-0.015372063999999908,0.4974,0.0096,ok,
20260405_003922_0d3bbd9e,cifar10_fl_dp_local_leaky,cifar10,,True,True,regular,iid,10,0.001,16,50,,1.0,,1.0,,cifar10_cifar10_fl_dp_local_leaky_ldp_eps1.0_clip1.0_20260405_003922_0d3bbd9e.keras,0.49911748499999997,-0.0017650300000000563,0.4998,0.01018,0.498103544,-0.0037929119999999816,0.5000666666666667,0.01064,ok,
20260405_010020_d8b03f4b,cifar10_fl_dp_local_leaky,cifar10,,True,True,regular,iid,10,0.001,16,50,,1.0,,5.0,,cifar10_cifar10_fl_dp_local_leaky_ldp_eps5.0_clip1.0_20260405_010020_d8b03f4b.keras,0.498668533,-0.00266293399999995,0.49956666666666666,0.0098,0.500441072,0.0008821439999999736,0.4992666666666667,0.01084,ok,
20260405_012118_654de325,network_centralized_plain,network_monitoring,True,False,,regular,iid,1,0.001,128,30,,,,,,network_monitoring_network_centralized_plain_plain_noparams_20260405_012118_654de325.keras,0.5517887213168035,0.10357744263360691,0.5316600114090131,0.01658374792703151,0.6335782199671598,0.2671564399343196,0.5657794676806084,0.14306016106110847,ok,
20260405_012201_b9a94888,network_centralized_plain_leaky,network_monitoring,True,False,,regular,iid,1,0.001,128,30,,,,,,network_monitoring_network_centralized_plain_leaky_plain_noparams_20260405_012201_b9a94888.keras,0.5539177221516969,0.10783544430339376,0.5282373074729035,0.011371712864250177,0.6395338117886947,0.27906762357738946,0.5688212927756654,0.14495499763145428,ok,
20260405_012244_bf571132,network_centralized_dp_leaky,network_monitoring,True,True,,regular,iid,1,0.001,128,30,4.58,1.0,,,,network_monitoring_network_centralized_dp_leaky_cdp_nm4.58_clip1.0_20260405_012244_bf571132.keras,0.43992556713633413,-0.12014886572733174,0.47119224187107817,0.003079838900734423,0.5778347932519723,0.15566958650394458,0.5361216730038023,0.06347702510658455,ok,
20260405_012746_090eacf7,network_centralized_dp_leaky,network_monitoring,True,True,,regular,iid,1,0.001,128,30,0.916,1.0,,,,network_monitoring_network_centralized_dp_leaky_cdp_nm0.916_clip1.0_20260405_012746_090eacf7.keras,0.4438222686001135,-0.11235546279977304,0.46967104012169614,0.00923951670220327,0.577711574110837,0.1554231482216739,0.535361216730038,0.06300331596399811,ok,
20260405_013232_4a7dcc28,network_fl_plain_leaky,network_monitoring,,False,,regular,iid,3,0.001,128,30,,,,,,network_monitoring_network_fl_plain_leaky_plain_noparams_20260405_013232_4a7dcc28.keras,0.5627858961911244,0.1255717923822488,0.5312797109716676,0.01824212271973466,0.6240921715685066,0.2481843431370132,0.5634980988593156,0.14021790620558977,ok,
20260405_013741_657fc05d,network_fl_plain_leaky,network_monitoring,,False,,regular,iid,6,0.001,128,30,,,,,,network_monitoring_network_fl_plain_leaky_plain_noparams_20260405_013741_657fc05d.keras,0.5130643233050274,0.026128646610054762,0.5057995816695189,0.007581141909500119,0.5936214470673389,0.18724289413467776,0.5376425855513308,0.06631927996210327,ok,
20260405_014245_d5082b7c,network_fl_plain_leaky,network_monitoring,,False,,regular,iid,10,0.001,128,30,,,,,,network_monitoring_network_fl_plain_leaky_plain_noparams_20260405_014245_d5082b7c.keras,0.49146231408331315,-0.01707537183337371,0.49324966723711733,0.008765695332859511,0.6031211864816737,0.20624237296334735,0.5376425855513308,0.08100426338228328,ok,
20260405_014848_4de58f21,network_fl_dp_central_leaky,network_monitoring,,True,False,regular,iid,3,0.001,128,30,4.58,1.0,server,,,network_monitoring_network_fl_dp_central_leaky_cdp_nm4.58_clip1.0_20260405_014848_4de58f21.keras,0.492934332831667,-0.014131334336666024,0.5004753755466819,0.023454157782515993,0.5776276025479894,0.1552552050959788,0.5346007604562738,0.06300331596399811,ok,
20260405_015405_c5669404,network_fl_dp_central_leaky,network_monitoring,,True,False,regular,iid,3,0.001,128,30,0.916,1.0,server,,,network_monitoring_network_fl_dp_central_leaky_cdp_nm0.916_clip1.0_20260405_015405_c5669404.keras,0.49923357795845075,-0.0015328440830985057,0.50656018254421,0.01468846244965648,0.5679005922733384,0.1358011845466769,0.5231939163498099,0.02179062055897679,ok,
20260405_015911_5f9be7c0,network_fl_dp_central_leaky,network_monitoring,,True,False,regular,iid,6,0.001,128,30,4.58,1.0,server,,,network_monitoring_network_fl_dp_central_leaky_cdp_nm4.58_clip1.0_20260405_015911_5f9be7c0.keras,0.4783404748895215,-0.043319050220956945,0.4814603536794067,0.028429282160625444,0.5501871561843688,0.1003743123687375,0.5231939163498099,0.03173851255329228,ok,
20260405_020418_47f466a7,network_fl_dp_central_leaky,network_monitoring,,True,False,regular,iid,6,0.001,128,30,0.916,1.0,server,,,network_monitoring_network_fl_dp_central_leaky_cdp_nm0.916_clip1.0_20260405_020418_47f466a7.keras,0.49898114711331865,-0.002037705773362708,0.5023768777334094,0.013740819710968964,0.5757072094150377,0.15141441883007545,0.5338403041825095,0.026527711984841308,ok,
20260405_020934_ca3a1e90,network_fl_dp_central_leaky,network_monitoring,,True,False,regular,iid,10,0.001,128,30,4.58,1.0,server,,,network_monitoring_network_fl_dp_central_leaky_cdp_nm4.58_clip1.0_20260405_020934_ca3a1e90.keras,0.4751958164951004,-0.049608367009799204,0.48298155542878873,0.019426676143094054,0.5750317859747409,0.15006357194948183,0.535361216730038,0.01752723827569872,ok,
20260405_021543_12dcc59d,network_fl_dp_central_leaky,network_monitoring,,True,False,regular,iid,10,0.001,128,30,0.916,1.0,server,,,network_monitoring_network_fl_dp_central_leaky_cdp_nm0.916_clip1.0_20260405_021543_12dcc59d.keras,0.5535708009178806,0.10714160183576116,0.5191100969766115,0.010187159440890783,0.5773437421561889,0.15468748431237778,0.5361216730038023,0.05873993368072004,ok,
20260405_022149_520472ec,network_fl_dp_local_leaky,network_monitoring,,True,True,regular,iid,3,0.001,128,30,,1.0,,1.0,,network_monitoring_network_fl_dp_local_leaky_ldp_eps1.0_clip1.0_20260405_022149_520472ec.keras,0.5610531159232738,0.12210623184654756,0.5328009127210497,0.010424070125562663,0.6180891175592752,0.2361782351185504,0.5574144486692015,0.11842728564661298,ok,
20260405_022652_07d21296,network_fl_dp_local_leaky,network_monitoring,,True,True,regular,iid,3,0.001,128,30,,1.0,,5.0,,network_monitoring_network_fl_dp_local_leaky_ldp_eps5.0_clip1.0_20260405_022652_07d21296.keras,0.5653941960990533,0.13078839219810656,0.5324206122837041,0.019426676143094054,0.6275176636920653,0.2550353273841306,0.5695817490494297,0.1359545239223117,ok,
20260405_023151_0c290683,network_fl_dp_local_leaky,network_monitoring,,True,True,regular,iid,6,0.001,128,30,,1.0,,1.0,,network_monitoring_network_fl_dp_local_leaky_ldp_eps1.0_clip1.0_20260405_023151_0c290683.keras,0.4948340689432916,-0.010331862113416745,0.5000950751093364,0.012082444918265814,0.5893799704091514,0.1787599408183027,0.5422053231939163,0.06395073424917101,ok,
20260405_023712_8056e443,network_fl_dp_local_leaky,network_monitoring,,True,True,regular,iid,6,0.001,128,30,,1.0,,5.0,,network_monitoring_network_fl_dp_local_leaky_ldp_eps5.0_clip1.0_20260405_023712_8056e443.keras,0.5163005049986329,0.032601009997265784,0.5035177790454459,0.009476427386875147,0.5904852917418532,0.18097058348370632,0.5391634980988593,0.06537186167693036,ok,
20260405_024234_82eaa30d,network_fl_dp_local_leaky,network_monitoring,,True,True,regular,iid,10,0.001,128,30,,1.0,,1.0,,network_monitoring_network_fl_dp_local_leaky_ldp_eps1.0_clip1.0_20260405_024234_82eaa30d.keras,0.49318516601322226,-0.01362966797355547,0.4943905685491538,0.007581141909500119,0.6026721211673143,0.20534424233462856,0.538403041825095,0.08242539081004263,ok,
20260405_024842_7c636968,network_fl_dp_local_leaky,network_monitoring,,True,True,regular,iid,10,0.001,128,30,,1.0,,5.0,,network_monitoring_network_fl_dp_local_leaky_ldp_eps5.0_clip1.0_20260405_024842_7c636968.keras,0.5003035560795892,0.0006071121591784134,0.49743297204791787,0.006633499170812604,0.5975005681771507,0.19500113635430139,0.538403041825095,0.0738986262434865,ok,
