run_id,name,dataset,no_fl,dp,local,aggregation_type,partition_type,n_clients,learning_rate,batch_size,epochs,noise_multiplier,l2_norm_clip,clipping,epsilon,export_path,target_split,num_targets,targets_seed,targets,recon_base_mean_score,recon_base_median_score,recon_base_mean_dist,recon_hard_mean_score,recon_hard_median_score,recon_hard_mean_dist,recon_base_detail,recon_hard_detail,status,error
20260405_111417_2f9842f4,smoking_centralized_plain,body_signal_of_smoking,True,False,,regular,iid,1,0.001,128,30,,,,,body_signal_of_smoking_smoking_centralized_plain_plain_noparams_20260405_111417_2f9842f4.keras,train,10,42,"41905,7296,1639,18024,16049,14628,9144,6717,44348,35741",0.3733479559693518,0.38348246014429344,1.7534322500228883,0.5541583866280901,0.5237550749950662,0.8485603630542755,"{""dist_to_target"": {""max"": 2.472231864929199, ""mean"": 1.7534322500228883, ""median"": 1.6077540516853333, ""min"": 1.120540738105774}, ""k"": 10, ""score"": {""max"": 0.47157783014028537, ""mean"": 0.3733479559693518, ""median"": 0.38348246014429344, ""min"": 0.2879992001975336}}","{""dist_to_target"": {""max"": 1.347150206565857, ""mean"": 0.8485603630542755, ""median"": 0.9093495905399323, ""min"": 0.31394463777542114}, ""k"": 10, ""score"": {""max"": 0.7610670733380774, ""mean"": 0.5541583866280901, ""median"": 0.5237550749950662, ""min"": 0.4260485746513478}}",ok,
20260405_113812_53975240,smoking_centralized_plain_leaky,body_signal_of_smoking,True,False,,regular,iid,1,0.001,128,30,,,,,body_signal_of_smoking_smoking_centralized_plain_leaky_plain_noparams_20260405_113812_53975240.keras,train,10,42,"41905,7296,1639,18024,16049,14628,9144,6717,44348,35741",0.4005922830615252,0.4042019378492656,1.5084301710128785,0.4821874616881327,0.46924732656778667,1.1264887034893036,"{""dist_to_target"": {""max"": 1.8956023454666138, ""mean"": 1.5084301710128785, ""median"": 1.4755577445030212, ""min"": 1.3223302364349365}, ""k"": 10, ""score"": {""max"": 0.430601980851407, ""mean"": 0.4005922830615252, ""median"": 0.4042019378492656, ""min"": 0.3453512881579236}}","{""dist_to_target"": {""max"": 1.6195882558822632, ""mean"": 1.1264887034893036, ""median"": 1.1311460137367249, ""min"": 0.4856905937194824}, ""k"": 10, ""score"": {""max"": 0.673087656492771, ""mean"": 0.4821874616881327, ""median"": 0.46924732656778667, ""min"": 0.3817393812766218}}",ok,
20260405_120101_cfe215bf,smoking_centralized_dp_leaky,body_signal_of_smoking,True,True,,regular,iid,1,0.001,128,30,1.4106,1.0,,,body_signal_of_smoking_smoking_centralized_dp_leaky_cdp_nm1.4106_clip1.0_20260405_120101_cfe215bf.keras,train,10,42,"41905,7296,1639,18024,16049,14628,9144,6717,44348,35741",0.37653783291442694,0.37894741169491286,1.668039619922638,0.4579750348796402,0.45109193615489496,1.2285272598266601,"{""dist_to_target"": {""max"": 1.9523861408233643, ""mean"": 1.668039619922638, ""median"": 1.6389057636260986, ""min"": 1.362799048423767}, ""k"": 10, ""score"": {""max"": 0.4232268506571069, ""mean"": 0.37653783291442694, ""median"": 0.37894741169491286, ""min"": 0.33870908218025947}}","{""dist_to_target"": {""max"": 1.5904191732406616, ""mean"": 1.2285272598266601, ""median"": 1.2168455123901367, ""min"": 0.6701910495758057}, ""k"": 10, ""score"": {""max"": 0.5987338994865166, ""mean"": 0.4579750348796402, ""median"": 0.45109193615489496, ""min"": 0.38603790858642456}}",ok,
20260405_122341_135ca63b,smoking_centralized_dp_leaky,body_signal_of_smoking,True,True,,regular,iid,1,0.001,128,30,0.47,1.0,,,body_signal_of_smoking_smoking_centralized_dp_leaky_cdp_nm0.47_clip1.0_20260405_122341_135ca63b.keras,train,10,42,"41905,7296,1639,18024,16049,14628,9144,6717,44348,35741",0.3732186868541243,0.36643385688672636,1.7048788785934448,0.444253345097529,0.4221319287800658,1.3034065425395966,"{""dist_to_target"": {""max"": 2.02048659324646, ""mean"": 1.7048788785934448, ""median"": 1.7290409803390503, ""min"": 1.2101420164108276}, ""k"": 10, ""score"": {""max"": 0.4524596123573794, ""mean"": 0.3732186868541243, ""median"": 0.36643385688672636, ""min"": 0.3310724842268498}}","{""dist_to_target"": {""max"": 1.8146370649337769, ""mean"": 1.3034065425395966, ""median"": 1.374437391757965, ""min"": 0.652337908744812}, ""k"": 10, ""score"": {""max"": 0.6052030850999742, ""mean"": 0.444253345097529, ""median"": 0.4221319287800658, ""min"": 0.3552855934637271}}",ok,
20260405_124635_4f3e67d6,smoking_fl_plain_leaky,body_signal_of_smoking,,False,,regular,iid,3,0.001,128,30,,,,,body_signal_of_smoking_smoking_fl_plain_leaky_plain_noparams_20260405_124635_4f3e67d6.keras,train,10,42,"41905,7296,1639,18024,16049,14628,9144,6717,44348,35741",0.36634732375951706,0.3709767797527914,1.738135278224945,0.5004269272972233,0.4718618599192589,1.0825581580400467,"{""dist_to_target"": {""max"": 1.9607124328613281, ""mean"": 1.738135278224945, ""median"": 1.695593535900116, ""min"": 1.5111117362976074}, ""k"": 10, ""score"": {""max"": 0.3982299893490219, ""mean"": 0.36634732375951706, ""median"": 0.3709767797527914, ""min"": 0.33775654430361807}}","{""dist_to_target"": {""max"": 1.5339101552963257, ""mean"": 1.0825581580400467, ""median"": 1.1201395988464355, ""min"": 0.2514815032482147}, ""k"": 10, ""score"": {""max"": 0.7990529603549908, ""mean"": 0.5004269272972233, ""median"": 0.4718618599192589, ""min"": 0.3946469837968884}}",ok,
20260405_132404_a3e14357,smoking_fl_plain_leaky,body_signal_of_smoking,,False,,regular,iid,6,0.001,128,30,,,,,body_signal_of_smoking_smoking_fl_plain_leaky_plain_noparams_20260405_132404_a3e14357.keras,train,10,42,"41905,7296,1639,18024,16049,14628,9144,6717,44348,35741",0.3870656888395486,0.3879043139824321,1.5961153149604796,0.4858970990762745,0.4554993180479825,1.173597201704979,"{""dist_to_target"": {""max"": 2.0468263626098633, ""mean"": 1.5961153149604796, ""median"": 1.578183889389038, ""min"": 1.38616943359375}, ""k"": 10, ""score"": {""max"": 0.4190817240056273, ""mean"": 0.3870656888395486, ""median"": 0.3879043139824321, ""min"": 0.3282103674406361}}","{""dist_to_target"": {""max"": 2.000638246536255, ""mean"": 1.173597201704979, ""median"": 1.2003977298736572, ""min"": 0.37436673045158386}, ""k"": 10, ""score"": {""max"": 0.727607834097835, ""mean"": 0.4858970990762745, ""median"": 0.4554993180479825, ""min"": 0.3332624321356752}}",ok,
20260405_140216_42bb1853,smoking_fl_plain_leaky,body_signal_of_smoking,,False,,regular,iid,10,0.001,128,30,,,,,body_signal_of_smoking_smoking_fl_plain_leaky_plain_noparams_20260405_140216_42bb1853.keras,train,10,42,"41905,7296,1639,18024,16049,14628,9144,6717,44348,35741",0.3691305708801024,0.3620159253915696,1.7266594290733337,0.4843563682730628,0.4549092868328056,1.1891238272190094,"{""dist_to_target"": {""max"": 2.070312261581421, ""mean"": 1.7266594290733337, ""median"": 1.7623668313026428, ""min"": 1.3010025024414062}, ""k"": 10, ""score"": {""max"": 0.4345931822929273, ""mean"": 0.3691305708801024, ""median"": 0.3620159253915696, ""min"": 0.3256997708385959}}","{""dist_to_target"": {""max"": 2.002589464187622, ""mean"": 1.1891238272190094, ""median"": 1.2029045820236206, ""min"": 0.4016141891479492}, ""k"": 10, ""score"": {""max"": 0.7134630968654125, ""mean"": 0.4843563682730628, ""median"": 0.4549092868328056, ""min"": 0.3330458632214508}}",ok,
20260405_144112_c483afb9,smoking_fl_dp_central_leaky,body_signal_of_smoking,,True,False,regular,iid,3,0.001,128,30,1.4106,1.0,server,,body_signal_of_smoking_smoking_fl_dp_central_leaky_cdp_nm1.4106_clip1.0_20260405_144112_c483afb9.keras,train,10,42,"41905,7296,1639,18024,16049,14628,9144,6717,44348,35741",0.4737142088058683,0.45501656893017656,1.135365867614746,0.5919810402394082,0.5961777972802531,0.7058069705963135,"{""dist_to_target"": {""max"": 1.518225908279419, ""mean"": 1.135365867614746, ""median"": 1.1978275179862976, ""min"": 0.7287085056304932}, ""k"": 10, ""score"": {""max"": 0.5784665238488433, ""mean"": 0.4737142088058683, ""median"": 0.45501656893017656, ""min"": 0.39710496056457906}}","{""dist_to_target"": {""max"": 1.0946640968322754, ""mean"": 0.7058069705963135, ""median"": 0.6777962148189545, ""min"": 0.4939630627632141}, ""k"": 10, ""score"": {""max"": 0.6693605919214719, ""mean"": 0.5919810402394082, ""median"": 0.5961777972802531, ""min"": 0.4774035137721045}}",ok,
20260405_151813_b91721ad,smoking_fl_dp_central_leaky,body_signal_of_smoking,,True,False,regular,iid,3,0.001,128,30,0.47,1.0,server,,body_signal_of_smoking_smoking_fl_dp_central_leaky_cdp_nm0.47_clip1.0_20260405_151813_b91721ad.keras,train,10,42,"41905,7296,1639,18024,16049,14628,9144,6717,44348,35741",0.3428177000004604,0.3370631495797262,1.9344072699546815,0.4591407755920779,0.4458755212503042,1.2072226524353027,"{""dist_to_target"": {""max"": 2.4070239067077637, ""mean"": 1.9344072699546815, ""median"": 1.9677152037620544, ""min"": 1.5988610982894897}, ""k"": 10, ""score"": {""max"": 0.38478393503145547, ""mean"": 0.3428177000004604, ""median"": 0.3370631495797262, ""min"": 0.29351129530708475}}","{""dist_to_target"": {""max"": 1.604284405708313, ""mean"": 1.2072226524353027, ""median"": 1.2430466413497925, ""min"": 0.8341680765151978}, ""k"": 10, ""score"": {""max"": 0.5452063051385869, ""mean"": 0.4591407755920779, ""median"": 0.4458755212503042, ""min"": 0.38398263945677624}}",ok,
20260405_155516_eb7050f1,smoking_fl_dp_central_leaky,body_signal_of_smoking,,True,False,regular,iid,6,0.001,128,30,1.4106,1.0,server,,body_signal_of_smoking_smoking_fl_dp_central_leaky_cdp_nm1.4106_clip1.0_20260405_155516_eb7050f1.keras,train,10,42,"41905,7296,1639,18024,16049,14628,9144,6717,44348,35741",0.45920946844221067,0.47901976994777856,1.2378181755542754,0.493147323537907,0.46560002042686977,1.0929604321718216,"{""dist_to_target"": {""max"": 1.9975080490112305, ""mean"": 1.2378181755542754, ""median"": 1.0907103419303894, ""min"": 0.7879739999771118}, ""k"": 10, ""score"": {""max"": 0.5592922492233116, ""mean"": 0.45920946844221067, ""median"": 0.47901976994777856, ""min"": 0.33361044696105613}}","{""dist_to_target"": {""max"": 1.7017254829406738, ""mean"": 1.0929604321718216, ""median"": 1.14791339635849, ""min"": 0.4123457968235016}, ""k"": 10, ""score"": {""max"": 0.7080418989804721, ""mean"": 0.493147323537907, ""median"": 0.46560002042686977, ""min"": 0.3701338297744289}}",ok,
20260405_163350_53988270,smoking_fl_dp_central_leaky,body_signal_of_smoking,,True,False,regular,iid,6,0.001,128,30,0.47,1.0,server,,body_signal_of_smoking_smoking_fl_dp_central_leaky_cdp_nm0.47_clip1.0_20260405_163350_53988270.keras,train,10,42,"41905,7296,1639,18024,16049,14628,9144,6717,44348,35741",0.3957162024329194,0.3908557182715271,1.5621126532554626,0.5259953948459546,0.5008876886782012,0.9491257995367051,"{""dist_to_target"": {""max"": 2.1613402366638184, ""mean"": 1.5621126532554626, ""median"": 1.5587974190711975, ""min"": 1.105736494064331}, ""k"": 10, ""score"": {""max"": 0.4748932275328888, ""mean"": 0.3957162024329194, ""median"": 0.3908557182715271, ""min"": 0.31632153616445474}}","{""dist_to_target"": {""max"": 1.5007107257843018, ""mean"": 0.9491257995367051, ""median"": 0.9969387054443359, ""min"": 0.43360963463783264}, ""k"": 10, ""score"": {""max"": 0.6975399549770926, ""mean"": 0.5259953948459546, ""median"": 0.5008876886782012, ""min"": 0.3998863161937167}}",ok,
20260405_171220_a6e16872,smoking_fl_dp_central_leaky,body_signal_of_smoking,,True,False,regular,iid,10,0.001,128,30,1.4106,1.0,server,,body_signal_of_smoking_smoking_fl_dp_central_leaky_cdp_nm1.4106_clip1.0_20260405_171220_a6e16872.keras,train,10,42,"41905,7296,1639,18024,16049,14628,9144,6717,44348,35741",0.3476333239623345,0.3534077232833449,1.8861877083778382,0.515611724183038,0.4629486398157142,1.0038349866867065,"{""dist_to_target"": {""max"": 2.1060619354248047, ""mean"": 1.8861877083778382, ""median"": 1.830636203289032, ""min"": 1.6611000299453735}, ""k"": 10, ""score"": {""max"": 0.3757844458107528, ""mean"": 0.3476333239623345, ""median"": 0.3534077232833449, ""min"": 0.32195108172021486}}","{""dist_to_target"": {""max"": 1.6060552597045898, ""mean"": 1.0038349866867065, ""median"": 1.1600970029830933, ""min"": 0.45398277044296265}, ""k"": 10, ""score"": {""max"": 0.6877660590815291, ""mean"": 0.515611724183038, ""median"": 0.4629486398157142, ""min"": 0.38372171744100136}}",ok,
20260405_175121_ae87fea2,smoking_fl_dp_central_leaky,body_signal_of_smoking,,True,False,regular,iid,10,0.001,128,30,0.47,1.0,server,,body_signal_of_smoking_smoking_fl_dp_central_leaky_cdp_nm0.47_clip1.0_20260405_175121_ae87fea2.keras,train,10,42,"41905,7296,1639,18024,16049,14628,9144,6717,44348,35741",0.38177848214653654,0.39237363436613953,1.6691341161727906,0.49735467925538474,0.4675589192201829,1.101917463541031,"{""dist_to_target"": {""max"": 2.1886916160583496, ""mean"": 1.6691341161727906, ""median"": 1.5496795177459717, ""min"": 1.0942602157592773}, ""k"": 10, ""score"": {""max"": 0.4774955817214187, ""mean"": 0.38177848214653654, ""median"": 0.39237363436613953, ""min"": 0.3136082507834778}}","{""dist_to_target"": {""max"": 1.735681414604187, ""mean"": 1.101917463541031, ""median"": 1.13877671957016, ""min"": 0.4602664113044739}, ""k"": 10, ""score"": {""max"": 0.6848065478043063, ""mean"": 0.49735467925538474, ""median"": 0.4675589192201829, ""min"": 0.36553964020137386}}",ok,
20260405_183023_68916b8c,smoking_fl_dp_local_leaky,body_signal_of_smoking,,True,True,regular,iid,3,0.001,128,30,,1.0,,1.0,body_signal_of_smoking_smoking_fl_dp_local_leaky_ldp_eps1.0_clip1.0_20260405_183023_68916b8c.keras,train,10,42,"41905,7296,1639,18024,16049,14628,9144,6717,44348,35741",0.37716671762972015,0.37629688029888897,1.6653435230255127,0.5332700481395825,0.4799044141750491,0.9677098721265793,"{""dist_to_target"": {""max"": 2.0286295413970947, ""mean"": 1.6653435230255127, ""median"": 1.6574918627738953, ""min"": 1.3325566053390503}, ""k"": 10, ""score"": {""max"": 0.4287141404033127, ""mean"": 0.37716671762972015, ""median"": 0.37629688029888897, ""min"": 0.3301823436413765}}","{""dist_to_target"": {""max"": 1.4915645122528076, ""mean"": 0.9677098721265793, ""median"": 1.0841728448867798, ""min"": 0.242564857006073}, ""k"": 10, ""score"": {""max"": 0.8047869649311292, ""mean"": 0.5332700481395825, ""median"": 0.4799044141750491, ""min"": 0.40135424753494586}}",ok,
20260405_190655_76700c6e,smoking_fl_dp_local_leaky,body_signal_of_smoking,,True,True,regular,iid,3,0.001,128,30,,1.0,,5.0,body_signal_of_smoking_smoking_fl_dp_local_leaky_ldp_eps5.0_clip1.0_20260405_190655_76700c6e.keras,train,10,42,"41905,7296,1639,18024,16049,14628,9144,6717,44348,35741",0.38098150395944963,0.38733359362783654,1.6415291905403138,0.48613820028463794,0.4545754573153188,1.1095565915107728,"{""dist_to_target"": {""max"": 2.081234931945801, ""mean"": 1.6415291905403138, ""median"": 1.5819284915924072, ""min"": 1.4024903774261475}, ""k"": 10, ""score"": {""max"": 0.41623475764815626, ""mean"": 0.38098150395944963, ""median"": 0.38733359362783654, ""min"": 0.32454519765180634}}","{""dist_to_target"": {""max"": 1.5482091903686523, ""mean"": 1.1095565915107728, ""median"": 1.1998576521873474, ""min"": 0.5707921385765076}, ""k"": 10, ""score"": {""max"": 0.6366214697930853, ""mean"": 0.48613820028463794, ""median"": 0.4545754573153188, ""min"": 0.39243245954047}}",ok,
20260405_194327_829ca261,smoking_fl_dp_local_leaky,body_signal_of_smoking,,True,True,regular,iid,6,0.001,128,30,,1.0,,1.0,body_signal_of_smoking_smoking_fl_dp_local_leaky_ldp_eps1.0_clip1.0_20260405_194327_829ca261.keras,train,10,42,"41905,7296,1639,18024,16049,14628,9144,6717,44348,35741",0.3945284210591054,0.39901597529186805,1.5500829935073852,0.4916108071523916,0.49525208833407575,1.1575884759426116,"{""dist_to_target"": {""max"": 2.0188894271850586, ""mean"": 1.5500829935073852, ""median"": 1.5061683058738708, ""min"": 1.280669927597046}, ""k"": 10, ""score"": {""max"": 0.438467657200013, ""mean"": 0.3945284210591054, ""median"": 0.39901597529186805, ""min"": 0.33124764060419487}}","{""dist_to_target"": {""max"": 2.0274479389190674, ""mean"": 1.1575884759426116, ""median"": 1.024398535490036, ""min"": 0.3717525601387024}, ""k"": 10, ""score"": {""max"": 0.7289944477296159, ""mean"": 0.4916108071523916, ""median"": 0.49525208833407575, ""min"": 0.3303112126701159}}",ok,
20260405_202150_f3c87cfc,smoking_fl_dp_local_leaky,body_signal_of_smoking,,True,True,regular,iid,6,0.001,128,30,,1.0,,5.0,body_signal_of_smoking_smoking_fl_dp_local_leaky_ldp_eps5.0_clip1.0_20260405_202150_f3c87cfc.keras,train,10,42,"41905,7296,1639,18024,16049,14628,9144,6717,44348,35741",0.3553424524771682,0.3710631419290536,1.8833520531654357,0.43900038422822873,0.4245781646020511,1.316159760951996,"{""dist_to_target"": {""max"": 2.5500853061676025, ""mean"": 1.8833520531654357, ""median"": 1.6949687600135803, ""min"": 1.3315662145614624}, ""k"": 10, ""score"": {""max"": 0.4288962474042742, ""mean"": 0.3553424524771682, ""median"": 0.3710631419290536, ""min"": 0.28168337202001564}}","{""dist_to_target"": {""max"": 1.861309289932251, ""mean"": 1.316159760951996, ""median"": 1.3552820682525635, ""min"": 0.8889243602752686}, ""k"": 10, ""score"": {""max"": 0.5294018230853206, ""mean"": 0.43900038422822873, ""median"": 0.4245781646020511, ""min"": 0.3494903551736197}}",ok,
20260405_210029_8cd993fb,smoking_fl_dp_local_leaky,body_signal_of_smoking,,True,True,regular,iid,10,0.001,128,30,,1.0,,1.0,body_signal_of_smoking_smoking_fl_dp_local_leaky_ldp_eps1.0_clip1.0_20260405_210029_8cd993fb.keras,train,10,42,"41905,7296,1639,18024,16049,14628,9144,6717,44348,35741",0.359195448505292,0.3595439091876612,1.830493688583374,0.4720287714668912,0.4404941154546925,1.23178690969944,"{""dist_to_target"": {""max"": 2.4309380054473877, ""mean"": 1.830493688583374, ""median"": 1.7836005687713623, ""min"": 1.248942255973816}, ""k"": 10, ""score"": {""max"": 0.44465347980532716, ""mean"": 0.359195448505292, ""median"": 0.3595439091876612, ""min"": 0.2914654821545229}}","{""dist_to_target"": {""max"": 1.8591688871383667, ""mean"": 1.23178690969944, ""median"": 1.2811982035636902, ""min"": 0.2897345721721649}, ""k"": 10, ""score"": {""max"": 0.7753533336055377, ""mean"": 0.4720287714668912, ""median"": 0.4404941154546925, ""min"": 0.34975198719403455}}",ok,
20260405_213920_a3337e3f,smoking_fl_dp_local_leaky,body_signal_of_smoking,,True,True,regular,iid,10,0.001,128,30,,1.0,,5.0,body_signal_of_smoking_smoking_fl_dp_local_leaky_ldp_eps5.0_clip1.0_20260405_213920_a3337e3f.keras,train,10,42,"41905,7296,1639,18024,16049,14628,9144,6717,44348,35741",0.3694487488350011,0.3657141884443944,1.7509373664855956,0.47922388580822456,0.451193709793957,1.1945406824350357,"{""dist_to_target"": {""max"": 2.2959461212158203, ""mean"": 1.7509373664855956, ""median"": 1.736198365688324, ""min"": 1.1924183368682861}, ""k"": 10, ""score"": {""max"": 0.45611733088696427, ""mean"": 0.3694487488350011, ""median"": 0.3657141884443944, ""min"": 0.30340301789615315}}","{""dist_to_target"": {""max"": 1.946168303489685, ""mean"": 1.1945406824350357, ""median"": 1.2248795628547668, ""min"": 0.39541205763816833}, ""k"": 10, ""score"": {""max"": 0.7166341974230676, ""mean"": 0.47922388580822456, ""median"": 0.451193709793957, ""min"": 0.3394239218497862}}",ok,
20260405_221809_1d8b9328,cifar10_centralized_plain,cifar10,True,False,,regular,iid,1,0.001,16,50,,,,,cifar10_cifar10_centralized_plain_plain_noparams_20260405_221809_1d8b9328.keras,train,10,42,"41905,7296,1639,48598,18024,16049,14628,9144,48265,6717",0.04818215360461684,0.04951459012035818,20.107616996765138,0.07046641109936773,0.0707714462896421,14.08172674179077,"{""dist_to_target"": {""max"": 27.489910125732422, ""mean"": 20.107616996765138, ""median"": 19.1986026763916, ""min"": 16.493364334106445}, ""k"": 10, ""score"": {""max"": 0.05716453284233731, ""mean"": 0.04818215360461684, ""median"": 0.04951459012035818, ""min"": 0.03510014582660225}}","{""dist_to_target"": {""max"": 24.25994300842285, ""mean"": 14.08172674179077, ""median"": 13.147218704223633, ""min"": 9.382060050964355}, ""k"": 10, ""score"": {""max"": 0.09631999767783209, ""mean"": 0.07046641109936773, ""median"": 0.0707714462896421, ""min"": 0.03958837118779536}}",ok,
20260405_234222_ef39288a,cifar10_centralized_plain_leaky,cifar10,True,False,,regular,iid,1,0.001,16,50,,,,,cifar10_cifar10_centralized_plain_leaky_plain_noparams_20260405_234222_ef39288a.keras,train,10,42,"41905,7296,1639,48598,18024,16049,14628,9144,48265,6717",0.04829263199991824,0.04923139581720638,20.01112766265869,0.07021764957108052,0.07256367820278994,14.059226036071777,"{""dist_to_target"": {""max"": 26.746875762939453, ""mean"": 20.01112766265869, ""median"": 19.332901000976562, ""min"": 16.489351272583008}, ""k"": 10, ""score"": {""max"": 0.05717764966889533, ""mean"": 0.04829263199991824, ""median"": 0.04923139581720638, ""min"": 0.03604009361427515}}","{""dist_to_target"": {""max"": 23.845022201538086, ""mean"": 14.059226036071777, ""median"": 12.785329818725586, ""min"": 9.445255279541016}, ""k"": 10, ""score"": {""max"": 0.09573724846712812, ""mean"": 0.07021764957108052, ""median"": 0.07256367820278994, ""min"": 0.040249511225556193}}",ok,
20260406_003437_e5a122eb,cifar10_centralized_dp_leaky,cifar10,True,True,,regular,iid,1,0.001,16,50,0.607,1.0,,,cifar10_cifar10_centralized_dp_leaky_cdp_nm0.607_clip1.0_20260406_003437_e5a122eb.keras,train,10,42,"41905,7296,1639,48598,18024,16049,14628,9144,48265,6717",0.045676239838997566,0.04750248074673544,21.20424175262451,0.04899235530098178,0.04942286184593833,19.862108135223387,"{""dist_to_target"": {""max"": 27.91276741027832, ""mean"": 21.20424175262451, ""median"": 20.052663803100586, ""min"": 17.845422744750977}, ""k"": 10, ""score"": {""max"": 0.05306328298093129, ""mean"": 0.045676239838997566, ""median"": 0.04750248074673544, ""min"": 0.03458679640761423}}","{""dist_to_target"": {""max"": 27.106367111206055, ""mean"": 19.862108135223387, ""median"": 19.23410987854004, ""min"": 15.134196281433105}, ""k"": 10, ""score"": {""max"": 0.061980155847662456, ""mean"": 0.04899235530098178, ""median"": 0.04942286184593833, ""min"": 0.03557912682359074}}",ok,
20260406_012725_8afd8c90,cifar10_centralized_dp_leaky,cifar10,True,True,,regular,iid,1,0.001,16,50,0.1214,1.0,,,cifar10_cifar10_centralized_dp_leaky_cdp_nm0.1214_clip1.0_20260406_012725_8afd8c90.keras,train,10,42,"41905,7296,1639,48598,18024,16049,14628,9144,48265,6717",0.05354270098741317,0.05221098915121969,18.33036050796509,0.056904472671510636,0.05547889368235958,17.206112766265868,"{""dist_to_target"": {""max"": 26.513473510742188, ""mean"": 18.33036050796509, ""median"": 18.15306568145752, ""min"": 12.482604026794434}, ""k"": 10, ""score"": {""max"": 0.07416964838637004, ""mean"": 0.05354270098741317, ""median"": 0.05221098915121969, ""min"": 0.036345828875789396}}","{""dist_to_target"": {""max"": 25.05169677734375, ""mean"": 17.206112766265868, ""median"": 17.080644607543945, ""min"": 11.465178489685059}, ""k"": 10, ""score"": {""max"": 0.08022348021951715, ""mean"": 0.056904472671510636, ""median"": 0.05547889368235958, ""min"": 0.038385215694267755}}",ok,
20260406_022014_646c397e,cifar10_fl_plain_leaky,cifar10,,False,,regular,iid,3,0.001,16,50,,,,,cifar10_cifar10_fl_plain_leaky_plain_noparams_20260406_022014_646c397e.keras,train,10,42,"41905,7296,1639,48598,18024,16049,14628,9144,48265,6717",0.049335603040470126,0.050347994562300616,19.68840847015381,0.07374514879718681,0.07356972140749374,13.579261875152588,"{""dist_to_target"": {""max"": 27.36812973022461, ""mean"": 19.68840847015381, ""median"": 18.866536140441895, ""min"": 15.930349349975586}, ""k"": 10, ""score"": {""max"": 0.05906552660718971, ""mean"": 0.049335603040470126, ""median"": 0.050347994562300616, ""min"": 0.03525082582143431}}","{""dist_to_target"": {""max"": 23.820785522460938, ""mean"": 13.579261875152588, ""median"": 12.608855724334717, ""min"": 8.05126667022705}, ""k"": 10, ""score"": {""max"": 0.11048177414652562, ""mean"": 0.07374514879718681, ""median"": 0.07356972140749374, ""min"": 0.04028881354681847}}",ok,
20260406_032457_d37de1b4,cifar10_fl_plain_leaky,cifar10,,False,,regular,iid,6,0.001,16,50,,,,,cifar10_cifar10_fl_plain_leaky_plain_noparams_20260406_032457_d37de1b4.keras,train,10,42,"41905,7296,1639,48598,18024,16049,14628,9144,48265,6717",0.05171529789278285,0.052513662101716485,18.8893892288208,0.07034760381175129,0.07089590040282537,14.125684642791748,"{""dist_to_target"": {""max"": 26.714282989501953, ""mean"": 18.8893892288208, ""median"": 18.044997215270996, ""min"": 14.069782257080078}, ""k"": 10, ""score"": {""max"": 0.06635795945427019, ""mean"": 0.05171529789278285, ""median"": 0.052513662101716485, ""min"": 0.03608247777432292}}","{""dist_to_target"": {""max"": 23.82075309753418, ""mean"": 14.125684642791748, ""median"": 13.106071949005127, ""min"": 8.267066955566406}, ""k"": 10, ""score"": {""max"": 0.10790900775777115, ""mean"": 0.07034760381175129, ""median"": 0.07089590040282537, ""min"": 0.040288866178655354}}",ok,
20260406_042818_8ec51f91,cifar10_fl_plain_leaky,cifar10,,False,,regular,iid,10,0.001,16,50,,,,,cifar10_cifar10_fl_plain_leaky_plain_noparams_20260406_042818_8ec51f91.keras,train,10,42,"41905,7296,1639,48598,18024,16049,14628,9144,48265,6717",0.05310677033508655,0.05302823694753779,18.63038921356201,0.06642807390658009,0.06844951037573163,14.699345684051513,"{""dist_to_target"": {""max"": 26.57636070251465, ""mean"": 18.63038921356201, ""median"": 17.861377716064453, ""min"": 11.091064453125}, ""k"": 10, ""score"": {""max"": 0.08270570418980314, ""mean"": 0.05310677033508655, ""median"": 0.05302823694753779, ""min"": 0.03626294313407394}}","{""dist_to_target"": {""max"": 23.434173583984375, ""mean"": 14.699345684051513, ""median"": 13.609785556793213, ""min"": 9.683008193969727}, ""k"": 10, ""score"": {""max"": 0.09360659299732386, ""mean"": 0.06642807390658009, ""median"": 0.06844951037573163, ""min"": 0.04092628697110755}}",ok,
20260406_053118_e195e65e,cifar10_fl_dp_central_leaky,cifar10,,True,False,regular,iid,3,0.001,16,50,0.607,1.0,server,,cifar10_cifar10_fl_dp_central_leaky_cdp_nm0.607_clip1.0_20260406_053118_e195e65e.keras,train,10,42,"41905,7296,1639,48598,18024,16049,14628,9144,48265,6717",0.07895684328998197,0.07859188576838441,12.611767148971557,0.0789822609482293,0.07861469170320584,12.607683897018433,"{""dist_to_target"": {""max"": 22.652925491333008, ""mean"": 12.611767148971557, ""median"": 11.72824764251709, ""min"": 7.319131374359131}, ""k"": 10, ""score"": {""max"": 0.12020485733428336, ""mean"": 0.07895684328998197, ""median"": 0.07859188576838441, ""min"": 0.04227806832463171}}","{""dist_to_target"": {""max"": 22.649112701416016, ""mean"": 12.607683897018433, ""median"": 11.724533557891846, ""min"": 7.315739154815674}, ""k"": 10, ""score"": {""max"": 0.12025389221364603, ""mean"": 0.0789822609482293, ""median"": 0.07861469170320584, ""min"": 0.042284884537766354}}",ok,
20260406_063555_d8748e5a,cifar10_fl_dp_central_leaky,cifar10,,True,False,regular,iid,3,0.001,16,50,0.1214,1.0,server,,cifar10_cifar10_fl_dp_central_leaky_cdp_nm0.1214_clip1.0_20260406_063555_d8748e5a.keras,train,10,42,"41905,7296,1639,48598,18024,16049,14628,9144,48265,6717",0.051118815907004594,0.05080027279136806,19.194710731506348,0.053696704654547824,0.05373738205810401,18.29683666229248,"{""dist_to_target"": {""max"": 26.855546951293945, ""mean"": 19.194710731506348, ""median"": 18.684934616088867, ""min"": 14.450151443481445}, ""k"": 10, ""score"": {""max"": 0.06472428465559855, ""mean"": 0.051118815907004594, ""median"": 0.05080027279136806, ""min"": 0.035899492540876064}}","{""dist_to_target"": {""max"": 27.583452224731445, ""mean"": 18.29683666229248, ""median"": 17.610188484191895, ""min"": 13.948049545288086}, ""k"": 10, ""score"": {""max"": 0.06689836001481674, ""mean"": 0.053696704654547824, ""median"": 0.05373738205810401, ""min"": 0.03498527722045987}}",ok,
20260406_074058_c6c66ca0,cifar10_fl_dp_central_leaky,cifar10,,True,False,regular,iid,6,0.001,16,50,0.607,1.0,server,,cifar10_cifar10_fl_dp_central_leaky_cdp_nm0.607_clip1.0_20260406_074058_c6c66ca0.keras,train,10,42,"41905,7296,1639,48598,18024,16049,14628,9144,48265,6717",0.042688167420245345,0.0449114669028183,22.984049797058105,0.044692011138570166,0.047284195488267164,22.11890411376953,"{""dist_to_target"": {""max"": 33.975826263427734, ""mean"": 22.984049797058105, ""median"": 21.266258239746094, ""min"": 19.622577667236328}, ""k"": 10, ""score"": {""max"": 0.048490543526415145, ""mean"": 0.042688167420245345, ""median"": 0.0449114669028183, ""min"": 0.028591175872966983}}","{""dist_to_target"": {""max"": 34.17995071411133, ""mean"": 22.11890411376953, ""median"": 20.1497220993042, ""min"": 17.69622230529785}, ""k"": 10, ""score"": {""max"": 0.053486740993480546, ""mean"": 0.044692011138570166, ""median"": 0.047284195488267164, ""min"": 0.02842528143732963}}",ok,
20260406_084439_c214cc67,cifar10_fl_dp_central_leaky,cifar10,,True,False,regular,iid,6,0.001,16,50,0.1214,1.0,server,,cifar10_cifar10_fl_dp_central_leaky_cdp_nm0.1214_clip1.0_20260406_084439_c214cc67.keras,train,10,42,"41905,7296,1639,48598,18024,16049,14628,9144,48265,6717",0.05569673211396155,0.056768212782002704,17.805012893676757,0.0637655050540746,0.06524434951605766,15.550767135620116,"{""dist_to_target"": {""max"": 26.833595275878906, ""mean"": 17.805012893676757, ""median"": 16.615653038024902, ""min"": 11.492059707641602}, ""k"": 10, ""score"": {""max"": 0.08005085017231252, ""mean"": 0.05569673211396155, ""median"": 0.056768212782002704, ""min"": 0.03592780559206514}}","{""dist_to_target"": {""max"": 24.845518112182617, ""mean"": 15.550767135620116, ""median"": 14.327791690826416, ""min"": 9.627607345581055}, ""k"": 10, ""score"": {""max"": 0.09409455651518765, ""mean"": 0.0637655050540746, ""median"": 0.06524434951605766, ""min"": 0.038691427877726975}}",ok,
20260406_094759_cbe7be96,cifar10_fl_dp_central_leaky,cifar10,,True,False,regular,iid,10,0.001,16,50,0.607,1.0,server,,cifar10_cifar10_fl_dp_central_leaky_cdp_nm0.607_clip1.0_20260406_094759_cbe7be96.keras,train,10,42,"41905,7296,1639,48598,18024,16049,14628,9144,48265,6717",0.04895956038297711,0.051017989475967265,19.801345825195312,0.051978468569017826,0.0521370692213223,18.681906318664552,"{""dist_to_target"": {""max"": 26.829086303710938, ""mean"": 19.801345825195312, ""median"": 18.601069450378418, ""min"": 15.884729385375977}, ""k"": 10, ""score"": {""max"": 0.05922511265511365, ""mean"": 0.04895956038297711, ""median"": 0.051017989475967265, ""min"": 0.035933626748882966}}","{""dist_to_target"": {""max"": 26.389543533325195, ""mean"": 18.681906318664552, ""median"": 18.180360794067383, ""min"": 14.748714447021484}, ""k"": 10, ""score"": {""max"": 0.06349724629041881, ""mean"": 0.051978468569017826, ""median"": 0.0521370692213223, ""min"": 0.03651028352419556}}",ok,
20260406_105103_512d8790,cifar10_fl_dp_central_leaky,cifar10,,True,False,regular,iid,10,0.001,16,50,0.1214,1.0,server,,cifar10_cifar10_fl_dp_central_leaky_cdp_nm0.1214_clip1.0_20260406_105103_512d8790.keras,train,10,42,"41905,7296,1639,48598,18024,16049,14628,9144,48265,6717",0.052342074674527894,0.051569567678119765,18.79067726135254,0.06399975561226934,0.06561435847569028,15.281381130218506,"{""dist_to_target"": {""max"": 28.262861251831055, ""mean"": 18.79067726135254, ""median"": 18.391356468200684, ""min"": 13.80228328704834}, ""k"": 10, ""score"": {""max"": 0.06755714511118546, ""mean"": 0.052342074674527894, ""median"": 0.051569567678119765, ""min"": 0.034173008284944364}}","{""dist_to_target"": {""max"": 25.50337028503418, ""mean"": 15.281381130218506, ""median"": 14.247575283050537, ""min"": 11.414610862731934}, ""k"": 10, ""score"": {""max"": 0.08055024930358083, ""mean"": 0.06399975561226934, ""median"": 0.06561435847569028, ""min"": 0.037731050400208015}}",ok,
20260406_115404_29424580,cifar10_fl_dp_local_leaky,cifar10,,True,True,regular,iid,3,0.001,16,50,,1.0,,1.0,cifar10_cifar10_fl_dp_local_leaky_ldp_eps1.0_clip1.0_20260406_115404_29424580.keras,train,10,42,"41905,7296,1639,48598,18024,16049,14628,9144,48265,6717",0.05342144184454229,0.05540365748583853,18.39719886779785,0.06774164640112301,0.06695447278158388,14.742298984527588,"{""dist_to_target"": {""max"": 25.760696411132812, ""mean"": 18.39719886779785, ""median"": 17.051791191101074, ""min"": 13.852720260620117}, ""k"": 10, ""score"": {""max"": 0.06732773407517532, ""mean"": 0.05342144184454229, ""median"": 0.05540365748583853, ""min"": 0.03736823528942193}}","{""dist_to_target"": {""max"": 24.44660758972168, ""mean"": 14.742298984527588, ""median"": 13.942363739013672, ""min"": 8.318509101867676}, ""k"": 10, ""score"": {""max"": 0.10731330399189862, ""mean"": 0.06774164640112301, ""median"": 0.06695447278158388, ""min"": 0.03929796914870166}}",ok,
20260406_125849_df258105,cifar10_fl_dp_local_leaky,cifar10,,True,True,regular,iid,3,0.001,16,50,,1.0,,5.0,cifar10_cifar10_fl_dp_local_leaky_ldp_eps5.0_clip1.0_20260406_125849_df258105.keras,train,10,42,"41905,7296,1639,48598,18024,16049,14628,9144,48265,6717",0.054201647329635505,0.05438080944570342,18.49880180358887,0.06757981444575005,0.06832438653304058,14.896894550323486,"{""dist_to_target"": {""max"": 26.50835418701172, ""mean"": 18.49880180358887, ""median"": 17.389430046081543, ""min"": 10.357985496520996}, ""k"": 10, ""score"": {""max"": 0.08804378208673577, ""mean"": 0.054201647329635505, ""median"": 0.05438080944570342, ""min"": 0.03635259285966871}}","{""dist_to_target"": {""max"": 23.35515785217285, ""mean"": 14.896894550323486, ""median"": 13.640595436096191, ""min"": 7.787008285522461}, ""k"": 10, ""score"": {""max"": 0.11380437658714938, ""mean"": 0.06757981444575005, ""median"": 0.06832438653304058, ""min"": 0.04105906461660583}}",ok,
20260406_140317_dd70d3c7,cifar10_fl_dp_local_leaky,cifar10,,True,True,regular,iid,6,0.001,16,50,,1.0,,1.0,cifar10_cifar10_fl_dp_local_leaky_ldp_eps1.0_clip1.0_20260406_140317_dd70d3c7.keras,train,10,42,"41905,7296,1639,48598,18024,16049,14628,9144,48265,6717",0.05042705760969114,0.052517262317455134,19.398745822906495,0.06981389385007986,0.07000101579143932,14.012218284606934,"{""dist_to_target"": {""max"": 27.714508056640625, ""mean"": 19.398745822906495, ""median"": 18.041385650634766, ""min"": 14.749503135681152}, ""k"": 10, ""score"": {""max"": 0.06349406653562667, ""mean"": 0.05042705760969114, ""median"": 0.052517262317455134, ""min"": 0.03482560098287096}}","{""dist_to_target"": {""max"": 21.61740493774414, ""mean"": 14.012218284606934, ""median"": 13.287800312042236, ""min"": 9.032613754272461}, ""k"": 10, ""score"": {""max"": 0.09967492265653533, ""mean"": 0.06981389385007986, ""median"": 0.07000101579143932, ""min"": 0.04421373728562424}}",ok,
20260406_150631_50342a9f,cifar10_fl_dp_local_leaky,cifar10,,True,True,regular,iid,6,0.001,16,50,,1.0,,5.0,cifar10_cifar10_fl_dp_local_leaky_ldp_eps5.0_clip1.0_20260406_150631_50342a9f.keras,train,10,42,"41905,7296,1639,48598,18024,16049,14628,9144,48265,6717",0.052646989023386215,0.051213856600870154,18.89253568649292,0.07247242071605477,0.07181181091840969,13.848331212997437,"{""dist_to_target"": {""max"": 27.472562789916992, ""mean"": 18.89253568649292, ""median"": 18.53502368927002, ""min"": 11.412456512451172}, ""k"": 10, ""score"": {""max"": 0.08056422989251813, ""mean"": 0.052646989023386215, ""median"": 0.051213856600870154, ""min"": 0.035121531116760966}}","{""dist_to_target"": {""max"": 24.433134078979492, ""mean"": 13.848331212997437, ""median"": 12.925330638885498, ""min"": 7.498094081878662}, ""k"": 10, ""score"": {""max"": 0.11767344422938318, ""mean"": 0.07247242071605477, ""median"": 0.07181181091840969, ""min"": 0.03931878772370806}}",ok,
20260406_160929_0d3bbd9e,cifar10_fl_dp_local_leaky,cifar10,,True,True,regular,iid,10,0.001,16,50,,1.0,,1.0,cifar10_cifar10_fl_dp_local_leaky_ldp_eps1.0_clip1.0_20260406_160929_0d3bbd9e.keras,train,10,42,"41905,7296,1639,48598,18024,16049,14628,9144,48265,6717",0.04881837533550227,0.04933546367495205,20.144818115234376,0.06474735935260559,0.0671064687555081,15.212552738189697,"{""dist_to_target"": {""max"": 28.263233184814453, ""mean"": 20.144818115234376, ""median"": 19.27184009552002, ""min"": 13.797019958496094}, ""k"": 10, ""score"": {""max"": 0.06758117531806287, ""mean"": 0.04881837533550227, ""median"": 0.04933546367495205, ""min"": 0.03417257394917419}}","{""dist_to_target"": {""max"": 24.536209106445312, ""mean"": 15.212552738189697, ""median"": 13.903986930847168, ""min"": 9.949014663696289}, ""k"": 10, ""score"": {""max"": 0.09133241946562605, ""mean"": 0.06474735935260559, ""median"": 0.0671064687555081, ""min"": 0.03916008033265991}}",ok,
20260406_171230_d8b03f4b,cifar10_fl_dp_local_leaky,cifar10,,True,True,regular,iid,10,0.001,16,50,,1.0,,5.0,cifar10_cifar10_fl_dp_local_leaky_ldp_eps5.0_clip1.0_20260406_171230_d8b03f4b.keras,train,10,42,"41905,7296,1639,48598,18024,16049,14628,9144,48265,6717",,,,,,,,,failed,"Command failed rc=1
--- OUTPUT TAIL ---
2026-04-06 17:13:51.515638: E external/local_xla/xla/stream_executor/cuda/cuda_fft.cc:479] Unable to register cuFFT factory: Attempting to register factory for plugin cuFFT when one has already been registered
2026-04-06 17:13:51.529415: E external/local_xla/xla/stream_executor/cuda/cuda_dnn.cc:10575] Unable to register cuDNN factory: Attempting to register factory for plugin cuDNN when one has already been registered
2026-04-06 17:13:51.529435: E external/local_xla/xla/stream_executor/cuda/cuda_blas.cc:1442] Unable to register cuBLAS factory: Attempting to register factory for plugin cuBLAS when one has already been registered
[RECON_BASE][DBG] Loading model: /home/kokin/DP/2025-Kokin-Privacy-Preserving-in-Federated-Learning/attacks/exports_recon/cifar10_cifar10_fl_dp_local_leaky_ldp_eps5.0_clip1.0_20260406_171230_d8b03f4b.keras
Traceback (most recent call last):
  File ""/home/kokin/DP/2025-Kokin-Privacy-Preserving-in-Federated-Learning/attacks/reconstruction_attack_baseline.py"", line 177, in <module>
    main()
  File ""/home/kokin/DP/2025-Kokin-Privacy-Preserving-in-Federated-Learning/attacks/reconstruction_attack_baseline.py"", line 88, in main
    model = tf.keras.models.load_model(model_path, compile=False)
            ^^^^^^^^^^^^^^^^^^^^^^^^^^^^^^^^^^^^^^^^^^^^^^^^^^^^^
  File ""/home/kokin/DP/2025-Kokin-Privacy-Preserving-in-Federated-Learning/venv/lib/python3.11/site-packages/keras/src/saving/saving_api.py"", line 187, in load_model
    raise ValueError(
ValueError: File not found: filepath=/home/kokin/DP/2025-Kokin-Privacy-Preserving-in-Federated-Learning/attacks/exports_recon/cifar10_cifar10_fl_dp_local_leaky_ldp_eps5.0_clip1.0_20260406_171230_d8b03f4b.keras. Please ensure the file is an accessible `.keras` zip file."
20260406_171354_654de325,network_centralized_plain,network_monitoring,True,False,,regular,iid,1,0.001,128,30,,,,,network_monitoring_network_centralized_plain_plain_noparams_20260406_171354_654de325.keras,train,10,42,"912,204,2253,2006,1828,1143,839,712,3456,260",,,,,,,,,failed,"Command failed rc=1
--- OUTPUT TAIL ---
2026-04-06 17:41:21.819541: E external/local_xla/xla/stream_executor/cuda/cuda_dnn.cc:9261] Unable to register cuDNN factory: Attempting to register factory for plugin cuDNN when one has already been registered
2026-04-06 17:41:21.819570: E external/local_xla/xla/stream_executor/cuda/cuda_fft.cc:607] Unable to register cuFFT factory: Attempting to register factory for plugin cuFFT when one has already been registered
2026-04-06 17:41:21.820602: E external/local_xla/xla/stream_executor/cuda/cuda_blas.cc:1515] Unable to register cuBLAS factory: Attempting to register factory for plugin cuBLAS when one has already been registered
[RECON_BASE][DBG] Loading model: /home/kokin/DP/2025-Kokin-Privacy-Preserving-in-Federated-Learning/attacks/exports_recon/network_monitoring_network_centralized_plain_plain_noparams_20260406_171354_654de325.keras
Traceback (most recent call last):
  File ""/home/kokin/DP/2025-Kokin-Privacy-Preserving-in-Federated-Learning/attacks/reconstruction_attack_baseline.py"", line 177, in <module>
    main()
  File ""/home/kokin/DP/2025-Kokin-Privacy-Preserving-in-Federated-Learning/attacks/reconstruction_attack_baseline.py"", line 88, in main
    model = tf.keras.models.load_model(model_path, compile=False)
            ^^^^^^^^^^^^^^^^^^^^^^^^^^^^^^^^^^^^^^^^^^^^^^^^^^^^^
  File ""/home/kokin/DP/2025-Kokin-Privacy-Preserving-in-Federated-Learning/venv_dp/lib/python3.11/site-packages/keras/src/saving/saving_api.py"", line 262, in load_model
    return legacy_sm_saving_lib.load_model(
           ^^^^^^^^^^^^^^^^^^^^^^^^^^^^^^^^
  File ""/home/kokin/DP/2025-Kokin-Privacy-Preserving-in-Federated-Learning/venv_dp/lib/python3.11/site-packages/keras/src/utils/traceback_utils.py"", line 70, in error_handler
    raise e.with_traceback(filtered_tb) from None
  File ""/home/kokin/DP/2025-Kokin-Privacy-Preserving-in-Federated-Learning/venv_dp/lib/python3.11/site-packages/keras/src/saving/legacy/save.py"", line 234, in load_model
    raise IOError(
OSError: No file or directory found at /home/kokin/DP/2025-Kokin-Privacy-Preserving-in-Federated-Learning/attacks/exports_recon/network_monitoring_network_centralized_plain_plain_noparams_20260406_171354_654de325.keras"
20260406_174123_b9a94888,network_centralized_plain_leaky,network_monitoring,True,False,,regular,iid,1,0.001,128,30,,,,,network_monitoring_network_centralized_plain_leaky_plain_noparams_20260406_174123_b9a94888.keras,train,10,42,"912,204,2253,2006,1828,1143,839,712,3456,260",,,,,,,,,failed,"Command failed rc=1
--- OUTPUT TAIL ---
2026-04-06 17:51:47.892238: E external/local_xla/xla/stream_executor/cuda/cuda_dnn.cc:9261] Unable to register cuDNN factory: Attempting to register factory for plugin cuDNN when one has already been registered
2026-04-06 17:51:47.892264: E external/local_xla/xla/stream_executor/cuda/cuda_fft.cc:607] Unable to register cuFFT factory: Attempting to register factory for plugin cuFFT when one has already been registered
2026-04-06 17:51:47.893296: E external/local_xla/xla/stream_executor/cuda/cuda_blas.cc:1515] Unable to register cuBLAS factory: Attempting to register factory for plugin cuBLAS when one has already been registered
[RECON_BASE][DBG] Loading model: /home/kokin/DP/2025-Kokin-Privacy-Preserving-in-Federated-Learning/attacks/exports_recon/network_monitoring_network_centralized_plain_leaky_plain_noparams_20260406_174123_b9a94888.keras
Traceback (most recent call last):
  File ""/home/kokin/DP/2025-Kokin-Privacy-Preserving-in-Federated-Learning/attacks/reconstruction_attack_baseline.py"", line 177, in <module>
    main()
  File ""/home/kokin/DP/2025-Kokin-Privacy-Preserving-in-Federated-Learning/attacks/reconstruction_attack_baseline.py"", line 88, in main
    model = tf.keras.models.load_model(model_path, compile=False)
            ^^^^^^^^^^^^^^^^^^^^^^^^^^^^^^^^^^^^^^^^^^^^^^^^^^^^^
  File ""/home/kokin/DP/2025-Kokin-Privacy-Preserving-in-Federated-Learning/venv_dp/lib/python3.11/site-packages/keras/src/saving/saving_api.py"", line 262, in load_model
    return legacy_sm_saving_lib.load_model(
           ^^^^^^^^^^^^^^^^^^^^^^^^^^^^^^^^
  File ""/home/kokin/DP/2025-Kokin-Privacy-Preserving-in-Federated-Learning/venv_dp/lib/python3.11/site-packages/keras/src/utils/traceback_utils.py"", line 70, in error_handler
    raise e.with_traceback(filtered_tb) from None
  File ""/home/kokin/DP/2025-Kokin-Privacy-Preserving-in-Federated-Learning/venv_dp/lib/python3.11/site-packages/keras/src/saving/legacy/save.py"", line 234, in load_model
    raise IOError(
OSError: No file or directory found at /home/kokin/DP/2025-Kokin-Privacy-Preserving-in-Federated-Learning/attacks/exports_recon/network_monitoring_network_centralized_plain_leaky_plain_noparams_20260406_174123_b9a94888.keras"
20260406_175149_bf571132,network_centralized_dp_leaky,network_monitoring,True,True,,regular,iid,1,0.001,128,30,4.58,1.0,,,network_monitoring_network_centralized_dp_leaky_cdp_nm4.58_clip1.0_20260406_175149_bf571132.keras,train,10,42,"912,204,2253,2006,1828,1143,839,712,3456,260",0.2661599940531324,0.2649172890807314,2.7586587190628054,0.6789558246256324,0.6550382449171261,0.48384920358657835,"{""dist_to_target"": {""max"": 2.8570210933685303, ""mean"": 2.7586587190628054, ""median"": 2.774764895439148, ""min"": 2.6166248321533203}, ""k"": 10, ""score"": {""max"": 0.276500894178898, ""mean"": 0.2661599940531324, ""median"": 0.2649172890807314, ""min"": 0.25926744391398954}}","{""dist_to_target"": {""max"": 0.6270085573196411, ""mean"": 0.48384920358657835, ""median"": 0.5266948044300079, ""min"": 0.28455033898353577}, ""k"": 10, ""score"": {""max"": 0.7784825317093448, ""mean"": 0.6789558246256324, ""median"": 0.6550382449171261, ""min"": 0.6146249173067752}}",ok,
20260406_182407_090eacf7,network_centralized_dp_leaky,network_monitoring,True,True,,regular,iid,1,0.001,128,30,0.916,1.0,,,network_monitoring_network_centralized_dp_leaky_cdp_nm0.916_clip1.0_20260406_182407_090eacf7.keras,train,10,42,"912,204,2253,2006,1828,1143,839,712,3456,260",0.21924336693291696,0.22084287625693316,3.5643182039260863,0.6725590583903857,0.6641477303219623,0.489891842007637,"{""dist_to_target"": {""max"": 3.7213521003723145, ""mean"": 3.5643182039260863, ""median"": 3.5281472206115723, ""min"": 3.396263360977173}, ""k"": 10, ""score"": {""max"": 0.22746589953558344, ""mean"": 0.21924336693291696, ""median"": 0.22084287625693316, ""min"": 0.21180373307069014}}","{""dist_to_target"": {""max"": 0.5738610029220581, ""mean"": 0.489891842007637, ""median"": 0.505814254283905, ""min"": 0.39272341132164}, ""k"": 10, ""score"": {""max"": 0.7180176565360089, ""mean"": 0.6725590583903857, ""median"": 0.6641477303219623, ""min"": 0.6353801245112385}}",ok,
20260406_185647_4a7dcc28,network_fl_plain_leaky,network_monitoring,,False,,regular,iid,3,0.001,128,30,,,,,network_monitoring_network_fl_plain_leaky_plain_noparams_20260406_185647_4a7dcc28.keras,train,10,42,"912,204,2253,2006,1828,1143,839,712,3456,260",0.38656453631612087,0.39768096332893255,1.6205362200737,0.4139204962194811,0.42712920666383186,1.4538567423820496,"{""dist_to_target"": {""max"": 2.630563974380493, ""mean"": 1.6205362200737, ""median"": 1.5148948431015015, ""min"": 1.4312267303466797}, ""k"": 10, ""score"": {""max"": 0.4113149907073477, ""mean"": 0.38656453631612087, ""median"": 0.39768096332893255, ""min"": 0.27543930008026823}}","{""dist_to_target"": {""max"": 2.5109546184539795, ""mean"": 1.4538567423820496, ""median"": 1.341319501399994, ""min"": 1.2506301403045654}, ""k"": 10, ""score"": {""max"": 0.444320007135724, ""mean"": 0.4139204962194811, ""median"": 0.42712920666383186, ""min"": 0.2848228213329462}}",ok,
20260406_193736_657fc05d,network_fl_plain_leaky,network_monitoring,,False,,regular,iid,6,0.001,128,30,,,,,network_monitoring_network_fl_plain_leaky_plain_noparams_20260406_193736_657fc05d.keras,train,10,42,"912,204,2253,2006,1828,1143,839,712,3456,260",0.39717886070085384,0.39768096332893255,1.5195463180541993,0.49672628393909896,0.4942070335653216,1.0165546119213105,"{""dist_to_target"": {""max"": 1.6206649541854858, ""mean"": 1.5195463180541993, ""median"": 1.5148948431015015, ""min"": 1.4312267303466797}, ""k"": 10, ""score"": {""max"": 0.4113149907073477, ""mean"": 0.39717886070085384, ""median"": 0.39768096332893255, ""min"": 0.3815825439275981}}","{""dist_to_target"": {""max"": 1.1879358291625977, ""mean"": 1.0165546119213105, ""median"": 1.0234474539756775, ""min"": 0.89198237657547}, ""k"": 10, ""score"": {""max"": 0.528546149467852, ""mean"": 0.49672628393909896, ""median"": 0.4942070335653216, ""min"": 0.45705179588504485}}",ok,
20260406_201813_d5082b7c,network_fl_plain_leaky,network_monitoring,,False,,regular,iid,10,0.001,128,30,,,,,network_monitoring_network_fl_plain_leaky_plain_noparams_20260406_201813_d5082b7c.keras,train,10,42,"912,204,2253,2006,1828,1143,839,712,3456,260",0.49341961462629663,0.49546123793064184,1.0384265422821044,0.5310625336354784,0.5153161874000403,0.8958219051361084,"{""dist_to_target"": {""max"": 1.2569034099578857, ""mean"": 1.0384265422821044, ""median"": 1.0210539400577545, ""min"": 0.8144981861114502}, ""k"": 10, ""score"": {""max"": 0.5511165608509337, ""mean"": 0.49341961462629663, ""median"": 0.49546123793064184, ""min"": 0.4430849789972448}}","{""dist_to_target"": {""max"": 1.1003203392028809, ""mean"": 0.8958219051361084, ""median"": 0.9412786364555359, ""min"": 0.6384825706481934}, ""k"": 10, ""score"": {""max"": 0.6103208040866703, ""mean"": 0.5310625336354784, ""median"": 0.5153161874000403, ""min"": 0.4761178479943315}}",ok,
20260406_205951_4de58f21,network_fl_dp_central_leaky,network_monitoring,,True,False,regular,iid,3,0.001,128,30,4.58,1.0,server,,network_monitoring_network_fl_dp_central_leaky_cdp_nm4.58_clip1.0_20260406_205951_4de58f21.keras,train,10,42,"912,204,2253,2006,1828,1143,839,712,3456,260",0.7003754232017719,0.6514887541950308,0.4421284407377243,0.3361016749995746,0.34054144589364005,1.9835470199584961,"{""dist_to_target"": {""max"": 0.5798599123954773, ""mean"": 0.4421284407377243, ""median"": 0.5349468886852264, ""min"": 0.24739378690719604}, ""k"": 10, ""score"": {""max"": 0.80167146132691, ""mean"": 0.7003754232017719, ""median"": 0.6514887541950308, ""min"": 0.6329675132295374}}","{""dist_to_target"": {""max"": 2.478253126144409, ""mean"": 1.9835470199584961, ""median"": 1.936500370502472, ""min"": 1.8587133884429932}, ""k"": 10, ""score"": {""max"": 0.34980771561176094, ""mean"": 0.3361016749995746, ""median"": 0.34054144589364005, ""min"": 0.2875006400435511}}",ok,
20260406_214036_c5669404,network_fl_dp_central_leaky,network_monitoring,,True,False,regular,iid,3,0.001,128,30,0.916,1.0,server,,network_monitoring_network_fl_dp_central_leaky_cdp_nm0.916_clip1.0_20260406_214036_c5669404.keras,train,10,42,"912,204,2253,2006,1828,1143,839,712,3456,260",0.37399772575187695,0.34419813574019553,1.7768854796886444,0.3009547338732517,0.3019115932296038,2.3258921623229982,"{""dist_to_target"": {""max"": 1.9936221837997437, ""mean"": 1.7768854796886444, ""median"": 1.9055606126785278, ""min"": 0.5361712574958801}, ""k"": 10, ""score"": {""max"": 0.6509690863700345, ""mean"": 0.37399772575187695, ""median"": 0.34419813574019553, ""min"": 0.3340434893259377}}","{""dist_to_target"": {""max"": 2.5242340564727783, ""mean"": 2.3258921623229982, ""median"": 2.312946081161499, ""min"": 2.1961510181427}, ""k"": 10, ""score"": {""max"": 0.3128763297865397, ""mean"": 0.3009547338732517, ""median"": 0.3019115932296038, ""min"": 0.28374959891308915}}",ok,
20260406_222122_5f9be7c0,network_fl_dp_central_leaky,network_monitoring,,True,False,regular,iid,6,0.001,128,30,4.58,1.0,server,,network_monitoring_network_fl_dp_central_leaky_cdp_nm4.58_clip1.0_20260406_222122_5f9be7c0.keras,train,10,42,"912,204,2253,2006,1828,1143,839,712,3456,260",0.25597529614996345,0.25617875738524487,2.908545207977295,0.2884867455682062,0.2893714834141431,2.4683117866516113,"{""dist_to_target"": {""max"": 3.124490737915039, ""mean"": 2.908545207977295, ""median"": 2.9035701751708984, ""min"": 2.7857561111450195}, ""k"": 10, ""score"": {""max"": 0.2641480250288879, ""mean"": 0.25597529614996345, ""median"": 0.25617875738524487, ""min"": 0.24245417520455081}}","{""dist_to_target"": {""max"": 2.6939845085144043, ""mean"": 2.4683117866516113, ""median"": 2.4557793140411377, ""min"": 2.3672797679901123}, ""k"": 10, ""score"": {""max"": 0.2969756209466633, ""mean"": 0.2884867455682062, ""median"": 0.2893714834141431, ""min"": 0.27071039353171683}}",ok,
20260406_230216_47f466a7,network_fl_dp_central_leaky,network_monitoring,,True,False,regular,iid,6,0.001,128,30,0.916,1.0,server,,network_monitoring_network_fl_dp_central_leaky_cdp_nm0.916_clip1.0_20260406_230216_47f466a7.keras,train,10,42,"912,204,2253,2006,1828,1143,839,712,3456,260",0.28366596360539,0.2774323290535045,2.5323484897613526,0.34942959018405,0.3515942501147509,1.8656931519508362,"{""dist_to_target"": {""max"": 2.6638376712799072, ""mean"": 2.5323484897613526, ""median"": 2.6045202016830444, ""min"": 2.162139415740967}, ""k"": 10, ""score"": {""max"": 0.316241591063965, ""mean"": 0.28366596360539, ""median"": 0.2774323290535045, ""min"": 0.27293785634631157}}","{""dist_to_target"": {""max"": 2.1389317512512207, ""mean"": 1.8656931519508362, ""median"": 1.8441887497901917, ""min"": 1.68537175655365}, ""k"": 10, ""score"": {""max"": 0.37238791893878376, ""mean"": 0.34942959018405, ""median"": 0.3515942501147509, ""min"": 0.31857972050567407}}",ok,
20260406_234304_ca3a1e90,network_fl_dp_central_leaky,network_monitoring,,True,False,regular,iid,10,0.001,128,30,4.58,1.0,server,,network_monitoring_network_fl_dp_central_leaky_cdp_nm4.58_clip1.0_20260406_234304_ca3a1e90.keras,train,10,42,"912,204,2253,2006,1828,1143,839,712,3456,260",0.29798196652077297,0.25884850517948305,2.6319824755191803,0.30107998089776294,0.29581777964000977,2.3267717242240904,"{""dist_to_target"": {""max"": 2.9048032760620117, ""mean"": 2.6319824755191803, ""median"": 2.8632638454437256, ""min"": 0.5361712574958801}, ""k"": 10, ""score"": {""max"": 0.6509690863700345, ""mean"": 0.29798196652077297, ""median"": 0.25884850517948305, ""min"": 0.2560948476278934}}","{""dist_to_target"": {""max"": 2.4311418533325195, ""mean"": 2.3267717242240904, ""median"": 2.380459427833557, ""min"": 1.9841946363449097}, ""k"": 10, ""score"": {""max"": 0.3350987860580087, ""mean"": 0.30107998089776294, ""median"": 0.29581777964000977, ""min"": 0.2914481658718783}}",ok,
20260407_002433_12dcc59d,network_fl_dp_central_leaky,network_monitoring,,True,False,regular,iid,10,0.001,128,30,0.916,1.0,server,,network_monitoring_network_fl_dp_central_leaky_cdp_nm0.916_clip1.0_20260407_002433_12dcc59d.keras,train,10,42,"912,204,2253,2006,1828,1143,839,712,3456,260",0.4539011438323376,0.46070153653503343,1.2599417865276337,0.627850425291178,0.6405338168513016,0.600879681110382,"{""dist_to_target"": {""max"": 2.518773317337036, ""mean"": 1.2599417865276337, ""median"": 1.1708073616027832, ""min"": 0.9734979271888733}, ""k"": 10, ""score"": {""max"": 0.5067144921831455, ""mean"": 0.4539011438323376, ""median"": 0.46070153653503343, ""min"": 0.2841899462727504}}","{""dist_to_target"": {""max"": 0.9159556031227112, ""mean"": 0.600879681110382, ""median"": 0.5612387359142303, ""min"": 0.4508196711540222}, ""k"": 10, ""score"": {""max"": 0.6892655371873834, ""mean"": 0.627850425291178, ""median"": 0.6405338168513016, ""min"": 0.5219327621006221}}",ok,
20260407_010549_520472ec,network_fl_dp_local_leaky,network_monitoring,,True,True,regular,iid,3,0.001,128,30,,1.0,,1.0,network_monitoring_network_fl_dp_local_leaky_ldp_eps1.0_clip1.0_20260407_010549_520472ec.keras,train,10,42,"912,204,2253,2006,1828,1143,839,712,3456,260",0.3865736014149343,0.39768096332893255,1.62041677236557,0.4062469776883908,0.4189373993941398,1.4957820653915406,"{""dist_to_target"": {""max"": 2.6293694972991943, ""mean"": 1.62041677236557, ""median"": 1.5148948431015015, ""min"": 1.4312267303466797}, ""k"": 10, ""score"": {""max"": 0.4113149907073477, ""mean"": 0.3865736014149343, ""median"": 0.39768096332893255, ""min"": 0.2755299510684026}}","{""dist_to_target"": {""max"": 2.495943307876587, ""mean"": 1.4957820653915406, ""median"": 1.387240469455719, ""min"": 1.3082635402679443}, ""k"": 10, ""score"": {""max"": 0.4332260950948086, ""mean"": 0.4062469776883908, ""median"": 0.4189373993941398, ""min"": 0.2860458285312966}}",ok,
20260407_014618_07d21296,network_fl_dp_local_leaky,network_monitoring,,True,True,regular,iid,3,0.001,128,30,,1.0,,5.0,network_monitoring_network_fl_dp_local_leaky_ldp_eps5.0_clip1.0_20260407_014618_07d21296.keras,train,10,42,"912,204,2253,2006,1828,1143,839,712,3456,260",0.38550242300330945,0.39768096332893255,1.6350974202156068,0.41339670126443656,0.42595667267786697,1.452226459980011,"{""dist_to_target"": {""max"": 2.7761759757995605, ""mean"": 1.6350974202156068, ""median"": 1.5148948431015015, ""min"": 1.4312267303466797}, ""k"": 10, ""score"": {""max"": 0.4113149907073477, ""mean"": 0.38550242300330945, ""median"": 0.39768096332893255, ""min"": 0.2648181669521537}}","{""dist_to_target"": {""max"": 2.428204298019409, ""mean"": 1.452226459980011, ""median"": 1.3477967381477356, ""min"": 1.2608866691589355}, ""k"": 10, ""score"": {""max"": 0.4423043461846792, ""mean"": 0.41339670126443656, ""median"": 0.42595667267786697, ""min"": 0.2916979016033946}}",ok,
20260407_022644_0c290683,network_fl_dp_local_leaky,network_monitoring,,True,True,regular,iid,6,0.001,128,30,,1.0,,1.0,network_monitoring_network_fl_dp_local_leaky_ldp_eps1.0_clip1.0_20260407_022644_0c290683.keras,train,10,42,"912,204,2253,2006,1828,1143,839,712,3456,260",0.46200179404078134,0.46165611450623234,1.1702195703983307,0.6265379907332745,0.587615242219945,0.6159862995147705,"{""dist_to_target"": {""max"": 1.315795660018921, ""mean"": 1.1702195703983307, ""median"": 1.1663429737091064, ""min"": 0.946739137172699}, ""k"": 10, ""score"": {""max"": 0.5136795068764717, ""mean"": 0.46200179404078134, ""median"": 0.46165611450623234, ""min"": 0.4318170282743468}}","{""dist_to_target"": {""max"": 0.8327193856239319, ""mean"": 0.6159862995147705, ""median"": 0.7018254995346069, ""min"": 0.38352543115615845}, ""k"": 10, ""score"": {""max"": 0.7227911952181022, ""mean"": 0.6265379907332745, ""median"": 0.587615242219945, ""min"": 0.5456372687734514}}",ok,
20260407_030728_8056e443,network_fl_dp_local_leaky,network_monitoring,,True,True,regular,iid,6,0.001,128,30,,1.0,,5.0,network_monitoring_network_fl_dp_local_leaky_ldp_eps5.0_clip1.0_20260407_030728_8056e443.keras,train,10,42,"912,204,2253,2006,1828,1143,839,712,3456,260",0.3881984341574739,0.39768096332893255,1.6002058148384095,0.5591250102146809,0.5507451772302361,0.7967085421085358,"{""dist_to_target"": {""max"": 2.427259922027588, ""mean"": 1.6002058148384095, ""median"": 1.5148948431015015, ""min"": 1.4312267303466797}, ""k"": 10, ""score"": {""max"": 0.4113149907073477, ""mean"": 0.3881984341574739, ""median"": 0.39768096332893255, ""min"": 0.2917782784937986}}","{""dist_to_target"": {""max"": 1.0396944284439087, ""mean"": 0.7967085421085358, ""median"": 0.8159889578819275, ""min"": 0.6215720176696777}, ""k"": 10, ""score"": {""max"": 0.6166855305243094, ""mean"": 0.5591250102146809, ""median"": 0.5507451772302361, ""min"": 0.49026951589160545}}",ok,
20260407_034823_82eaa30d,network_fl_dp_local_leaky,network_monitoring,,True,True,regular,iid,10,0.001,128,30,,1.0,,1.0,network_monitoring_network_fl_dp_local_leaky_ldp_eps1.0_clip1.0_20260407_034823_82eaa30d.keras,train,10,42,"912,204,2253,2006,1828,1143,839,712,3456,260",0.49341961462629663,0.49546123793064184,1.0384265422821044,0.5373492412283231,0.5177874603611341,0.8745681643486023,"{""dist_to_target"": {""max"": 1.2569034099578857, ""mean"": 1.0384265422821044, ""median"": 1.0210539400577545, ""min"": 0.8144981861114502}, ""k"": 10, ""score"": {""max"": 0.5511165608509337, ""mean"": 0.49341961462629663, ""median"": 0.49546123793064184, ""min"": 0.4430849789972448}}","{""dist_to_target"": {""max"": 1.0783647298812866, ""mean"": 0.8745681643486023, ""median"": 0.9317863583564758, ""min"": 0.6070857048034668}, ""k"": 10, ""score"": {""max"": 0.6222443501370648, ""mean"": 0.5373492412283231, ""median"": 0.5177874603611341, ""min"": 0.48114750294916653}}",ok,
20260407_042959_7c636968,network_fl_dp_local_leaky,network_monitoring,,True,True,regular,iid,10,0.001,128,30,,1.0,,5.0,network_monitoring_network_fl_dp_local_leaky_ldp_eps5.0_clip1.0_20260407_042959_7c636968.keras,train,10,42,"912,204,2253,2006,1828,1143,839,712,3456,260",0.49341961462629663,0.49546123793064184,1.0384265422821044,0.5345674110773575,0.5170206762130758,0.883900272846222,"{""dist_to_target"": {""max"": 1.2569034099578857, ""mean"": 1.0384265422821044, ""median"": 1.0210539400577545, ""min"": 0.8144981861114502}, ""k"": 10, ""score"": {""max"": 0.5511165608509337, ""mean"": 0.49341961462629663, ""median"": 0.49546123793064184, ""min"": 0.4430849789972448}}","{""dist_to_target"": {""max"": 1.0898991823196411, ""mean"": 0.883900272846222, ""median"": 0.9346644282341003, ""min"": 0.620433509349823}, ""k"": 10, ""score"": {""max"": 0.6171188106331105, ""mean"": 0.5345674110773575, ""median"": 0.5170206762130758, ""min"": 0.47849198107732177}}",ok,
20260407_121403_d8b03f4b,cifar10_fl_dp_local_leaky,cifar10,,True,True,regular,iid,10,0.001,16,50,,1.0,,5.0,cifar10_cifar10_fl_dp_local_leaky_ldp_eps5.0_clip1.0_20260407_121403_d8b03f4b.keras,train,10,42,"41905,7296,1639,48598,18024,16049,14628,9144,48265,6717",0.04847298927811386,0.04949688487556793,20.29839506149292,0.07120981873952291,0.07179343455906484,13.863555526733398,"{""dist_to_target"": {""max"": 30.09524917602539, ""mean"": 20.29839506149292, ""median"": 19.210996627807617, ""min"": 15.078837394714355}, ""k"": 10, ""score"": {""max"": 0.062193551402462285, ""mean"": 0.04847298927811386, ""median"": 0.04949688487556793, ""min"": 0.03215925347113814}}","{""dist_to_target"": {""max"": 23.352312088012695, ""mean"": 13.863555526733398, ""median"": 12.928858757019043, ""min"": 8.926158905029297}, ""k"": 10, ""score"": {""max"": 0.10074390401843446, ""mean"": 0.07120981873952291, ""median"": 0.07179343455906484, ""min"": 0.04106386269960153}}",ok,
20260407_131705_654de325,network_centralized_plain,network_monitoring,True,False,,regular,iid,1,0.001,128,30,,,,,network_monitoring_network_centralized_plain_plain_noparams_20260407_131705_654de325.keras,train,10,42,"912,204,2253,2006,1828,1143,839,712,3456,260",0.3758200300681711,0.3839802612770531,1.6880471467971803,0.4252098075696611,0.4331715826992209,1.3618114829063415,"{""dist_to_target"": {""max"": 2.590958595275879, ""mean"": 1.6880471467971803, ""median"": 1.6046140789985657, ""min"": 1.5092175006866455}, ""k"": 10, ""score"": {""max"": 0.39853061750380375, ""mean"": 0.3758200300681711, ""median"": 0.3839802612770531, ""min"": 0.2784771735646186}}","{""dist_to_target"": {""max"": 1.829458475112915, ""mean"": 1.3618114829063415, ""median"": 1.3089399337768555, ""min"": 1.238309383392334}, ""k"": 10, ""score"": {""max"": 0.44676576322278616, ""mean"": 0.4252098075696611, ""median"": 0.4331715826992209, ""min"": 0.3534245187889153}}",ok,
20260407_134513_b9a94888,network_centralized_plain_leaky,network_monitoring,True,False,,regular,iid,1,0.001,128,30,,,,,network_monitoring_network_centralized_plain_leaky_plain_noparams_20260407_134513_b9a94888.keras,train,10,42,"912,204,2253,2006,1828,1143,839,712,3456,260",0.24219168207764077,0.23313701601916215,3.1590739488601685,0.38645093627642785,0.37655143281535397,1.5945006370544434,"{""dist_to_target"": {""max"": 3.4016940593719482, ""mean"": 3.1590739488601685, ""median"": 3.290053129196167, ""min"": 2.2597837448120117}, ""k"": 10, ""score"": {""max"": 0.30676881605766426, ""mean"": 0.24219168207764077, ""median"": 0.23313701601916215, ""min"": 0.22718525788288976}}","{""dist_to_target"": {""max"": 1.7453837394714355, ""mean"": 1.5945006370544434, ""median"": 1.6557891368865967, ""min"": 1.3704112768173218}, ""k"": 10, ""score"": {""max"": 0.4218677196569319, ""mean"": 0.38645093627642785, ""median"": 0.37655143281535397, ""min"": 0.3642478046411568}}",ok,
